"","ID","G1","G2","G3","G4","G5","G6","G7","G8","G9","G10","G11","G12","G13","G14","G15","G16","G17","G18","G19","G20","G21","G22","G23","G24","G25"
"1",316,0,1,1,1,0,0,1,0,1,0,1,0,0,1,1,1,0,0,0,1,1,0,1,1,1
"2",335,0,0,0,0,0,1,0,0,0,0,1,1,1,0,1,0,1,1,1,0,0,0,0,0,0
"3",836,1,0,0,1,1,1,1,0,1,0,1,0,1,0,1,0,1,0,0,0,1,1,0,1,1
"4",575,1,0,1,1,0,0,1,1,0,1,0,0,0,0,0,1,0,0,1,0,1,0,0,1,0
"5",159,1,1,0,NA,0,1,1,0,1,1,1,0,0,1,0,0,1,0,0,0,0,1,1,0,1
"6",258,0,1,0,1,1,1,1,0,0,1,0,0,0,1,0,1,1,1,0,0,1,0,0,1,0
"7",1345,1,1,1,1,0,0,1,1,0,0,0,0,1,1,1,1,1,1,0,0,0,1,0,1,1
"8",271,1,0,0,1,0,0,0,1,1,1,1,1,0,0,1,0,0,0,0,0,1,1,0,0,0
"9",537,1,0,1,0,1,1,1,0,0,1,1,1,1,0,1,0,0,0,1,1,1,1,0,1,1
"10",723,0,0,0,0,1,1,0,1,0,0,1,1,0,1,1,0,1,0,0,0,0,1,0,1,1
"11",1010,1,1,1,0,1,1,1,0,1,0,0,0,0,1,1,1,1,1,0,0,1,0,0,1,NA
"12",998,0,1,1,1,0,1,0,1,1,1,1,1,0,1,0,1,1,1,0,1,1,1,1,1,1
"13",1005,1,1,0,1,1,0,0,0,0,0,0,1,0,1,1,0,1,1,1,0,1,1,1,1,0
"14",693,0,0,0,0,0,1,1,1,0,0,1,1,1,0,0,1,0,0,0,1,0,0,0,1,1
"15",325,1,1,0,1,1,0,1,1,0,0,0,1,1,0,1,1,1,0,0,1,1,0,1,1,1
"16",305,1,1,0,1,0,1,1,0,0,1,1,0,1,1,0,1,1,0,0,1,0,1,1,1,0
"17",473,1,0,1,0,0,0,0,1,0,1,1,1,1,0,0,0,1,0,1,1,1,1,1,0,0
"18",1320,1,1,0,0,1,1,1,1,1,0,0,1,0,1,0,0,0,1,1,1,1,0,1,1,0
"19",894,0,1,1,0,1,1,1,0,1,0,1,0,0,0,1,1,0,1,0,1,0,1,1,0,0
"20",517,1,1,0,1,0,1,1,0,1,1,0,0,0,0,0,1,1,0,1,1,1,0,1,0,0
"21",1381,0,1,1,1,0,1,0,1,0,0,0,1,0,0,0,1,0,1,0,1,0,0,1,1,1
"22",92,0,1,0,0,1,0,1,0,0,0,1,1,0,0,0,1,0,1,1,1,1,0,0,1,1
"23",18,1,0,1,0,1,1,1,1,1,0,0,0,0,1,0,1,1,0,1,0,1,1,0,0,1
"24",1384,1,0,0,1,1,1,1,1,1,1,1,0,1,0,0,0,1,0,0,1,0,1,0,0,0
"25",978,1,0,0,0,0,0,0,1,0,1,0,1,0,1,1,0,0,1,0,1,0,1,0,1,NA
"26",464,NA,1,0,1,0,1,0,1,1,0,1,0,1,0,0,0,0,0,0,1,1,0,1,0,0
"27",1350,1,1,1,1,1,1,0,0,1,0,0,0,0,0,0,0,0,1,0,1,1,0,0,0,1
"28",55,1,0,0,0,0,0,0,0,1,0,1,0,1,0,1,0,1,0,0,1,0,1,0,0,1
"29",88,0,0,1,0,0,0,1,1,0,0,0,1,1,1,1,1,0,1,0,1,1,1,0,1,0
"30",870,0,1,1,1,0,1,0,1,1,1,1,0,0,1,0,1,1,1,1,1,0,0,0,1,0
"31",949,0,0,1,1,1,1,0,0,0,1,0,0,1,1,1,0,1,0,1,0,1,1,1,1,0
"32",1036,1,1,1,1,0,0,1,1,0,0,1,1,1,0,1,1,0,1,0,0,0,0,0,0,0
"33",81,0,0,0,1,0,0,1,1,0,1,0,0,0,1,1,0,0,1,1,1,1,0,1,0,0
"34",1314,0,1,1,0,0,1,0,1,0,0,1,1,0,0,0,0,0,1,0,0,1,1,1,0,0
"35",83,0,0,1,0,1,0,1,0,0,0,1,1,1,0,0,1,1,1,1,1,1,0,0,0,0
"36",347,1,1,1,1,1,1,0,1,0,0,0,0,1,1,0,0,1,0,0,1,1,1,1,0,0
"37",291,0,0,0,1,0,0,1,1,0,1,0,0,0,1,0,0,1,1,0,0,0,0,0,0,1
"38",1366,1,0,0,1,0,1,0,0,1,0,1,NA,0,0,1,1,1,1,1,1,0,1,1,1,0
"39",647,1,0,0,1,1,1,1,0,0,0,0,1,0,1,0,0,1,1,1,0,NA,1,0,0,1
"40",788,0,1,0,0,0,0,0,1,1,1,1,0,1,0,0,1,0,0,1,1,0,0,0,1,1
"41",324,0,NA,1,0,1,0,0,1,1,1,0,1,0,1,0,0,0,1,0,1,0,0,1,0,1
"42",1206,0,1,0,0,0,0,1,0,0,1,1,1,1,1,1,1,1,1,1,1,0,0,0,1,0
"43",134,1,1,1,0,0,0,1,0,1,0,0,0,0,0,1,1,0,1,0,0,1,1,1,0,1
"44",931,1,0,0,1,1,0,1,1,0,0,1,0,1,0,0,0,1,1,0,1,1,0,0,1,0
"45",302,0,0,0,0,0,0,0,1,1,1,1,1,1,0,0,0,1,1,1,0,0,1,0,0,0
"46",1348,1,0,1,0,0,0,1,1,1,1,0,1,1,1,0,0,1,1,0,1,0,0,0,1,0
"47",93,1,0,0,1,0,0,1,1,0,1,1,1,0,0,0,1,0,1,1,0,1,0,0,1,0
"48",1380,0,0,0,0,1,0,0,0,1,1,1,0,0,1,0,0,1,1,1,0,1,1,0,1,1
"49",722,1,1,1,0,0,1,0,0,0,0,1,0,1,0,0,0,0,1,1,1,1,1,0,1,0
"50",71,0,0,NA,0,0,1,1,0,0,1,1,0,0,1,1,1,0,0,1,0,0,1,1,0,1
"51",340,1,1,0,0,1,0,1,0,1,1,0,1,0,0,1,0,0,0,0,0,1,0,0,0,1
"52",1204,1,1,1,1,0,0,0,1,0,1,1,1,0,0,1,0,0,1,0,1,1,1,1,0,0
"53",611,1,0,0,0,0,0,1,1,0,1,1,0,1,0,0,0,1,0,1,1,1,0,0,0,1
"54",1260,1,0,1,1,1,1,1,0,0,1,0,1,1,0,1,1,1,0,0,1,1,0,0,0,0
"55",531,1,1,0,0,0,0,1,0,1,1,0,1,0,0,0,1,0,0,1,1,0,1,1,1,1
"56",528,0,0,0,1,1,1,1,1,0,1,1,0,0,1,1,1,1,1,1,0,1,1,1,0,0
"57",1253,0,1,1,0,1,1,1,0,0,1,NA,0,1,0,0,1,1,0,0,0,0,1,0,0,1
"58",143,1,1,0,0,0,1,1,0,1,1,0,0,0,0,0,0,1,1,1,0,0,0,1,0,0
"59",1145,NA,1,0,0,1,1,1,0,1,0,1,1,1,0,1,1,0,1,1,1,0,1,0,0,0
"60",964,1,1,0,1,1,0,0,0,1,0,0,0,1,0,1,0,0,1,1,1,1,0,1,0,0
"61",1241,1,0,0,1,1,0,1,1,0,1,0,0,1,0,1,0,0,1,1,0,1,0,1,0,0
"62",1317,0,0,1,1,1,1,1,1,0,1,0,0,1,0,0,1,1,0,1,0,0,1,0,1,1
"63",1065,0,0,0,0,0,1,1,0,0,0,1,0,1,1,0,1,0,0,1,0,1,1,0,0,1
"64",793,0,1,1,0,1,0,0,1,0,0,1,0,1,1,1,0,1,1,1,0,1,0,0,1,1
"65",1149,1,1,0,1,1,0,0,1,0,0,0,1,1,0,0,1,1,0,1,1,1,1,1,1,NA
"66",430,NA,1,0,0,0,1,0,0,0,0,0,1,1,0,0,0,0,0,0,1,0,1,1,1,0
"67",1099,1,1,NA,1,1,1,0,1,1,1,1,1,1,0,0,1,1,1,1,0,0,1,1,1,1
"68",746,1,0,0,0,1,0,0,1,0,0,0,1,1,1,0,1,0,1,1,0,0,0,1,0,0
"69",1201,0,1,1,0,0,0,0,0,1,0,1,0,1,1,0,1,0,0,1,1,1,1,0,1,0
"70",767,0,1,1,1,1,0,0,0,1,0,0,0,1,1,1,1,0,0,0,1,1,0,0,1,0
"71",970,1,1,0,1,1,0,1,0,0,1,0,0,1,1,0,1,1,1,0,0,0,1,0,1,1
"72",290,1,1,0,1,1,1,1,0,0,1,1,0,0,1,0,1,1,0,1,0,1,0,0,1,NA
"73",854,0,1,0,1,0,1,0,1,0,0,0,1,0,0,1,1,0,0,0,1,0,0,1,0,0
"74",665,1,1,0,0,1,1,0,0,0,0,0,0,0,0,1,1,1,1,0,1,1,1,0,0,0
"75",461,0,0,0,0,0,1,1,1,1,1,0,0,0,1,1,1,1,0,0,0,1,1,0,0,0
"76",952,1,1,0,1,1,0,1,1,1,1,0,1,1,0,0,1,1,1,1,0,1,1,1,0,0
"77",1230,0,1,1,1,1,0,0,1,0,1,0,0,0,0,0,1,0,0,1,1,0,0,1,1,0
"78",109,1,1,1,0,0,1,0,1,1,0,0,0,1,1,1,0,1,1,0,1,NA,0,1,0,0
"79",859,0,0,1,0,0,0,1,0,1,0,1,0,0,0,0,0,1,1,1,0,1,1,1,1,0
"80",431,0,0,0,1,1,0,1,1,1,0,1,0,1,1,0,0,1,0,0,0,1,1,1,1,1
"81",1085,1,1,0,1,1,1,0,0,1,1,0,1,1,1,0,1,1,1,1,0,1,1,1,1,0
"82",314,0,1,0,0,0,0,0,0,0,1,1,0,1,0,1,0,0,1,0,0,1,1,0,1,1
"83",1171,0,1,1,0,0,1,1,1,0,1,0,1,1,0,1,0,1,0,0,1,0,0,0,0,0
"84",1272,0,1,1,1,0,1,1,1,0,1,0,0,0,0,0,0,0,0,1,1,0,1,1,1,1
"85",1315,1,0,0,1,1,0,1,0,0,0,1,0,1,0,1,1,0,1,0,1,0,1,1,0,NA
"86",384,0,1,0,1,0,1,1,1,0,1,0,0,1,1,1,0,1,0,0,1,1,0,NA,0,0
"87",768,0,0,0,1,0,0,1,0,0,1,0,1,1,0,1,1,1,0,1,1,1,0,0,0,1
"88",731,1,0,1,0,1,0,0,0,1,1,1,1,0,0,1,1,0,0,0,0,0,0,1,1,1
"89",225,1,1,1,1,0,1,0,1,0,1,0,0,1,1,1,1,0,1,1,0,1,1,1,0,1
"90",487,0,1,0,1,0,0,1,1,1,0,0,1,0,0,1,0,0,0,0,1,1,1,1,1,0
"91",533,1,0,0,1,1,0,0,0,0,0,0,1,1,1,1,1,1,1,1,0,1,0,1,1,1
"92",984,0,0,0,1,0,0,0,1,0,0,1,0,1,1,0,1,1,0,1,1,1,0,0,1,0
"93",238,0,1,1,0,0,0,0,0,0,0,0,0,1,0,1,1,1,0,1,0,1,0,1,0,0
"94",530,1,1,0,1,0,0,0,0,1,1,0,1,0,0,0,0,1,0,1,1,1,0,1,1,0
"95",373,0,0,0,0,0,0,0,1,1,0,1,0,1,1,0,0,1,1,1,1,1,1,NA,0,1
"96",439,0,1,1,1,0,0,1,0,0,0,1,1,1,0,0,0,0,1,0,1,1,1,1,0,1
"97",1280,1,1,0,0,0,1,0,0,1,0,0,0,0,1,1,1,1,1,1,0,1,1,0,0,0
"98",1395,0,0,0,1,0,1,0,1,0,0,NA,1,0,1,1,1,0,1,0,0,1,1,1,0,1
"99",443,0,1,0,0,0,1,0,0,0,1,1,1,0,0,0,1,0,0,0,1,1,1,1,0,0
"100",880,1,1,0,1,0,1,1,1,0,1,1,1,0,1,0,1,0,1,0,1,1,0,1,0,0
"101",1123,0,1,1,0,0,0,1,1,0,1,0,1,1,1,0,1,0,0,1,1,0,1,0,0,0
"102",696,0,0,0,NA,1,0,1,1,0,1,0,1,1,1,0,1,0,0,1,0,0,0,0,0,0
"103",488,1,0,1,0,1,0,0,1,0,0,0,1,0,1,0,1,0,0,1,0,1,1,1,0,0
"104",627,0,0,1,1,0,0,0,1,1,1,1,1,1,1,1,0,1,0,0,1,0,1,1,0,1
"105",1060,1,1,NA,0,1,1,1,1,0,0,0,0,1,1,1,0,0,0,1,0,0,0,1,1,0
"106",1367,1,0,1,0,1,1,0,0,1,1,0,0,1,1,0,1,NA,0,0,0,0,0,1,1,0
"107",463,0,1,1,1,0,1,1,0,1,1,1,0,0,1,1,0,0,0,0,0,0,0,1,1,0
"108",591,0,1,1,1,0,1,0,0,0,0,1,NA,1,0,0,1,0,0,0,0,1,0,0,0,1
"109",989,0,0,0,0,0,1,0,0,1,1,0,1,0,0,1,1,0,0,0,1,0,1,1,0,0
"110",1189,0,1,1,0,0,0,1,0,1,0,0,1,0,0,1,0,0,0,1,1,0,0,0,1,0
"111",974,0,1,0,0,1,0,0,0,1,1,1,1,0,1,1,1,1,0,0,1,0,1,0,1,0
"112",536,1,0,0,1,1,1,1,0,1,0,0,0,1,1,1,1,1,0,1,0,0,0,0,0,1
"113",370,1,1,0,1,1,1,0,0,1,1,0,0,0,0,1,1,1,0,1,0,1,0,1,1,1
"114",382,0,1,1,0,1,0,1,0,1,1,1,1,0,1,1,0,0,1,0,0,1,0,0,1,0
"115",1218,0,0,0,1,1,0,0,1,0,0,1,0,0,1,1,0,1,1,1,1,1,1,1,1,1
"116",1351,1,0,0,0,1,1,0,0,1,1,1,0,1,0,1,0,1,1,1,1,1,0,1,0,0
"117",1055,0,1,0,0,1,1,0,0,1,1,1,0,0,1,1,1,0,1,0,1,0,1,0,0,0
"118",688,1,1,1,0,1,1,0,1,1,0,0,1,0,1,1,1,0,0,0,1,1,1,0,0,0
"119",284,0,1,1,1,0,0,1,0,1,0,0,0,0,0,0,1,1,1,1,1,1,0,1,0,0
"120",1309,1,1,1,1,0,0,1,0,0,0,1,0,1,1,1,0,1,1,0,0,0,0,0,0,1
"121",222,1,0,0,1,1,1,0,0,0,1,1,0,0,1,0,0,1,1,0,1,0,1,0,0,1
"122",641,0,1,0,1,0,0,1,1,0,1,0,1,1,1,1,1,1,1,1,0,0,0,1,1,0
"123",446,1,1,1,1,0,1,0,1,0,1,0,1,1,1,1,0,1,1,0,1,0,0,1,1,0
"124",1042,1,0,1,1,0,1,0,0,1,0,0,1,1,1,0,1,0,1,0,0,1,1,0,0,0
"125",737,1,0,0,1,0,1,1,0,0,0,0,1,1,0,1,1,1,1,1,0,1,1,0,0,0
"126",338,0,0,0,1,0,0,0,0,1,0,0,0,0,1,0,1,0,0,1,0,1,0,0,1,1
"127",777,0,1,1,0,0,1,0,0,1,1,0,1,0,1,1,1,0,0,1,0,1,1,0,0,0
"128",744,1,1,0,0,0,0,1,0,0,1,1,1,0,0,0,0,1,1,0,1,1,1,1,1,0
"129",1242,1,1,0,1,1,0,0,0,0,1,1,NA,0,1,1,1,1,0,1,1,0,1,0,0,0
"130",963,1,0,1,1,0,0,1,0,1,1,0,1,1,1,1,1,1,1,0,1,0,1,0,0,1
"131",522,1,0,0,0,1,1,1,0,1,1,0,1,1,1,1,0,0,0,1,0,0,0,1,0,0
"132",1322,0,1,0,1,0,1,1,1,1,0,0,0,0,1,1,0,0,0,1,0,1,0,0,1,0
"133",11,0,1,1,0,1,0,0,0,1,1,1,0,1,0,0,1,0,1,0,1,0,0,0,1,0
"134",306,1,1,0,0,0,1,1,0,1,1,1,NA,0,1,1,0,0,1,0,1,0,0,NA,0,0
"135",1271,1,0,0,0,0,1,1,1,1,0,0,0,0,1,1,1,1,0,0,1,1,1,1,1,1
"136",1130,0,0,0,1,0,1,1,0,1,1,0,0,1,0,0,0,0,0,1,0,0,0,1,1,1
"137",848,1,1,1,1,0,1,0,1,1,1,1,0,1,1,1,1,0,0,0,0,1,0,0,0,0
"138",736,1,0,1,NA,0,1,1,1,1,1,1,0,1,1,1,0,1,1,0,0,1,0,1,1,1
"139",256,0,NA,1,0,1,1,0,0,0,0,0,1,0,1,1,1,1,0,1,0,1,1,1,1,0
"140",315,1,1,1,0,1,0,0,1,1,0,1,1,1,0,0,0,1,0,1,1,1,0,0,1,1
"141",787,1,1,1,0,0,1,0,0,0,1,1,1,0,1,1,1,1,0,0,1,0,1,1,0,0
"142",1293,1,1,0,0,1,1,1,1,0,0,0,0,0,0,0,1,1,0,1,1,1,0,0,1,0
"143",1383,1,1,0,0,1,1,1,1,1,1,1,0,0,1,1,0,0,0,0,0,0,1,1,1,1
"144",1215,1,1,1,0,0,0,0,1,1,0,0,0,0,0,1,0,1,0,1,0,0,0,0,0,1
"145",131,1,0,1,1,1,1,0,1,0,0,0,NA,1,0,1,1,1,1,1,0,1,0,0,1,1
"146",1369,0,0,1,1,1,1,1,1,1,0,1,1,0,1,0,0,1,0,1,0,1,0,1,0,1
"147",1138,0,1,1,0,1,0,0,1,0,1,1,0,0,1,0,0,1,1,0,1,0,0,0,0,1
"148",82,1,1,0,0,1,1,1,1,1,0,1,1,0,1,1,0,1,0,1,1,0,1,1,1,0
"149",58,0,1,0,0,0,1,0,1,0,1,1,0,1,1,1,1,1,0,1,1,1,1,0,1,0
"150",1219,1,0,0,1,1,0,1,0,1,0,0,0,1,0,0,0,1,1,0,1,1,1,0,0,0
"151",181,1,0,1,1,1,0,1,1,1,1,1,1,1,0,0,0,1,0,0,1,1,1,1,1,1
"152",1170,0,0,1,0,1,0,1,1,0,0,0,1,1,0,0,0,0,0,1,0,0,0,0,1,1
"153",644,1,0,0,1,1,0,1,1,0,0,0,1,1,1,0,1,1,0,1,0,0,0,0,0,0
"154",887,1,1,1,0,1,1,0,1,1,1,0,0,1,1,0,0,1,0,0,1,0,0,0,0,1
"155",1227,1,0,1,0,1,1,0,1,0,0,0,0,0,0,1,1,1,0,0,1,1,1,0,1,1
"156",207,0,0,0,0,0,0,1,0,1,1,1,0,1,1,1,0,1,1,1,0,1,0,1,1,1
"157",565,0,1,1,0,0,0,1,0,1,0,0,0,1,1,1,0,0,1,0,1,1,0,0,1,0
"158",380,0,0,0,0,0,1,0,0,1,0,1,0,1,0,1,1,1,0,0,0,1,1,1,1,1
"159",938,1,1,0,1,1,0,0,1,0,1,1,1,0,1,1,0,1,1,0,1,0,1,1,1,1
"160",1152,1,0,1,0,0,1,0,0,0,1,NA,0,0,1,1,1,1,1,0,1,NA,1,1,1,0
"161",1028,1,0,1,1,1,1,0,0,0,1,1,0,0,1,1,1,1,1,1,1,0,1,0,1,0
"162",626,0,NA,1,0,1,0,1,0,1,1,1,1,1,1,0,0,0,1,1,0,0,0,0,1,1
"163",1110,0,0,0,0,1,0,0,0,0,1,0,0,0,0,1,1,1,1,0,0,0,0,0,0,0
"164",1341,1,1,1,0,0,1,0,0,0,0,1,0,0,0,0,1,1,1,1,0,1,1,1,0,0
"165",734,1,0,0,0,1,1,1,1,0,1,1,0,1,1,0,1,0,1,0,1,0,1,0,1,1
"166",267,1,0,0,1,1,1,1,0,0,0,1,1,0,1,0,1,1,0,0,0,1,1,0,1,0
"167",172,0,1,1,1,0,1,1,0,1,0,0,0,0,0,1,0,0,1,0,1,0,1,0,0,0
"168",215,0,0,0,0,1,0,1,0,1,1,0,0,1,0,0,0,1,1,0,1,0,1,0,0,0
"169",189,0,0,1,0,1,0,1,1,0,1,0,1,0,1,1,1,1,0,0,0,0,0,1,0,0
"170",1173,1,0,0,0,1,0,0,1,0,0,0,1,1,0,0,1,1,1,0,1,0,1,1,1,1
"171",781,1,0,0,1,0,1,0,0,1,0,1,1,0,1,0,0,0,0,0,0,0,1,0,1,0
"172",1020,1,1,0,0,0,1,1,0,0,0,1,1,0,1,0,0,1,1,0,1,0,1,1,0,0
"173",689,0,1,1,0,0,1,1,1,1,0,0,0,0,1,0,1,1,1,0,1,1,0,1,1,0
"174",1003,0,1,1,1,0,1,0,1,0,1,0,1,1,1,0,0,0,0,0,1,1,1,1,1,0
"175",30,0,0,1,1,0,1,1,0,0,1,0,1,1,1,0,0,1,0,0,0,1,1,1,1,0
"176",233,0,1,1,0,0,1,0,1,0,1,0,1,1,1,1,0,0,1,1,0,1,1,0,1,1
"177",22,1,1,0,1,0,0,1,1,0,1,1,1,1,1,0,1,0,1,1,0,0,0,1,0,0
"178",474,0,0,0,1,0,0,1,1,1,1,1,1,0,0,0,1,0,1,0,0,0,0,0,1,1
"179",482,1,0,0,0,1,1,0,1,1,0,1,0,1,1,0,1,0,1,0,1,0,1,0,1,0
"180",288,1,0,1,0,1,1,0,0,0,1,1,0,0,0,0,0,1,0,1,1,1,1,1,1,1
"181",54,1,1,0,1,0,0,1,1,0,0,1,1,1,0,1,0,0,0,1,1,0,0,1,1,1
"182",300,1,0,0,1,1,1,0,0,0,1,0,1,1,1,0,0,0,1,0,1,0,0,0,1,0
"183",677,1,0,1,1,0,1,0,0,0,1,0,0,0,1,1,0,1,1,0,0,1,0,1,0,0
"184",320,1,1,0,0,1,1,0,1,0,1,0,0,0,1,0,0,0,0,1,0,0,0,0,1,0
"185",1073,0,1,1,0,1,0,0,0,1,1,0,1,0,0,1,0,0,0,1,0,0,0,1,0,0
"186",179,1,0,0,1,1,1,0,1,1,0,0,0,0,1,1,0,1,0,0,0,1,0,0,1,0
"187",1116,0,1,1,0,1,0,0,1,1,1,1,0,0,0,1,0,1,0,1,0,1,1,1,0,0
"188",161,1,1,0,0,1,0,0,0,0,1,1,1,0,1,0,1,1,1,1,0,1,1,0,0,1
"189",269,0,0,1,1,0,1,1,0,1,1,1,0,0,0,0,1,1,1,0,1,0,0,1,1,1
"190",180,0,0,0,1,0,0,0,1,1,1,0,0,0,0,1,1,1,0,1,0,1,1,0,1,1
"191",1047,1,0,1,0,0,1,1,1,0,1,0,0,0,1,0,0,0,0,0,1,0,0,1,0,1
"192",837,1,0,1,1,1,0,1,1,0,1,0,1,1,0,0,1,0,1,1,1,0,0,1,0,0
"193",908,1,1,1,0,0,0,0,1,1,0,0,1,1,1,1,1,0,1,0,0,1,1,0,0,1
"194",590,1,1,0,0,1,1,1,0,0,0,1,1,1,1,0,0,0,0,0,1,0,1,0,0,0
"195",601,0,1,1,0,0,1,1,0,1,0,0,1,1,1,1,1,0,1,1,1,1,1,1,0,0
"196",951,1,1,0,1,1,0,0,0,0,0,0,0,1,1,1,1,1,1,1,0,0,0,0,0,0
"197",454,0,1,1,1,0,1,1,1,0,0,1,1,0,1,1,0,0,0,1,1,0,1,1,0,1
"198",223,0,0,NA,0,1,1,0,1,0,0,0,0,1,1,1,1,0,0,0,0,0,1,0,0,0
"199",1257,NA,0,1,1,1,1,1,0,1,1,1,0,0,1,0,1,0,0,0,0,1,0,1,0,1
"200",53,1,1,1,0,1,0,0,1,0,1,1,0,1,0,0,0,1,1,0,1,0,1,1,1,1
"201",396,1,0,1,NA,0,1,0,1,0,0,1,0,1,1,0,1,1,0,0,1,1,1,0,0,1
"202",1399,1,1,1,1,0,1,1,1,0,1,1,0,0,1,1,1,0,0,0,0,1,1,0,1,1
"203",927,0,0,1,0,1,0,1,1,0,0,1,0,1,1,1,0,1,1,1,0,NA,0,1,1,1
"204",675,0,1,0,0,1,0,1,0,0,1,0,1,0,0,0,1,1,1,0,1,NA,1,1,0,1
"205",136,0,1,0,NA,0,1,0,0,1,1,1,0,1,0,0,0,1,0,0,1,0,0,0,0,NA
"206",809,1,0,0,1,1,0,0,1,0,0,1,0,0,1,1,0,0,0,1,0,1,1,0,1,0
"207",832,1,0,0,1,0,0,0,1,1,1,1,0,1,0,0,1,1,0,1,0,0,1,1,0,1
"208",1080,1,1,0,1,1,1,1,0,0,1,1,0,1,0,0,1,1,0,1,0,0,1,1,0,0
"209",643,1,0,1,0,0,1,0,1,1,1,NA,1,0,1,1,0,1,0,0,1,1,1,0,0,1
"210",41,0,1,0,0,1,0,1,1,1,0,1,0,0,1,0,0,0,1,1,1,0,1,0,1,1
"211",1330,0,0,1,1,1,1,1,0,0,1,0,1,0,1,1,0,1,1,0,0,0,1,1,0,1
"212",771,1,1,1,1,1,1,1,0,1,1,1,0,0,1,1,1,0,0,0,0,0,1,0,0,1
"213",791,1,1,1,1,0,1,0,0,0,1,1,0,1,0,0,1,0,1,0,0,0,1,1,1,1
"214",604,0,1,1,1,0,1,0,0,0,0,0,1,0,1,1,0,0,0,0,0,0,1,0,0,NA
"215",680,1,1,1,1,0,0,0,1,1,0,0,1,0,0,1,1,1,1,1,1,1,0,0,1,0
"216",650,0,1,0,NA,1,0,1,1,1,0,1,1,1,0,0,0,0,1,1,1,1,0,0,1,1
"217",1023,0,0,0,0,0,0,1,0,0,0,1,1,0,0,0,0,0,1,0,1,1,1,1,1,0
"218",408,1,1,0,0,1,1,1,1,0,0,1,1,0,0,0,0,1,0,1,1,0,1,0,1,1
"219",557,1,0,0,0,1,1,0,0,1,0,0,1,0,0,1,1,1,0,0,0,0,0,1,1,1
"220",716,1,0,0,1,1,0,0,0,1,1,1,1,0,1,0,1,1,1,0,1,0,0,1,1,1
"221",1184,0,0,1,0,1,0,0,0,0,1,1,1,0,1,0,1,0,0,1,0,0,0,1,1,0
"222",808,0,0,NA,0,1,0,1,1,0,0,0,0,0,1,1,1,1,0,0,1,NA,1,1,0,0
"223",820,1,0,1,0,1,1,0,0,1,0,0,0,0,0,1,0,0,1,1,0,0,1,0,0,1
"224",682,0,1,1,0,0,0,0,0,1,1,1,1,0,1,0,0,0,1,1,0,1,0,0,1,1
"225",889,0,0,1,1,1,1,0,1,0,1,0,1,1,1,1,0,0,0,0,1,1,1,0,1,1
"226",979,1,1,1,0,1,1,1,1,1,1,0,0,0,0,0,0,NA,1,0,0,0,0,NA,0,0
"227",892,0,0,1,1,1,1,0,0,1,0,1,0,1,1,1,0,1,1,1,0,1,1,0,1,1
"228",1048,0,NA,1,0,1,0,0,1,1,0,0,1,1,0,1,1,1,0,0,1,1,1,0,1,1
"229",390,0,1,1,1,0,1,1,1,0,1,0,1,0,1,1,0,1,1,1,0,1,1,0,0,1
"230",562,1,0,1,0,0,1,0,0,1,0,1,1,1,1,1,0,1,1,0,0,1,0,1,0,1
"231",1030,0,0,1,1,0,1,0,1,1,1,1,1,1,0,1,1,1,1,1,1,1,0,1,1,1
"232",1387,1,1,0,0,0,1,1,0,0,1,0,1,0,0,1,1,1,1,1,1,1,0,NA,1,0
"233",702,0,0,0,0,1,0,0,1,1,1,1,0,1,1,0,1,NA,1,0,0,1,0,1,1,0
"234",518,1,1,0,1,1,1,1,0,1,1,1,0,1,0,0,0,0,0,0,0,1,0,1,0,0
"235",213,1,0,1,0,0,1,0,1,1,1,1,1,1,0,1,1,1,0,0,0,0,0,1,0,0
"236",434,0,0,1,1,0,0,0,0,1,0,1,0,1,0,1,0,1,0,1,0,1,0,0,0,0
"237",544,0,0,1,1,0,0,1,1,0,1,1,1,1,1,1,1,1,1,0,0,1,1,1,0,0
"238",583,0,1,1,0,1,1,1,0,0,1,0,0,0,0,0,0,1,0,0,0,0,1,0,1,1
"239",1276,0,0,1,0,1,1,0,1,0,0,1,0,1,1,0,1,1,1,0,0,1,0,0,0,0
"240",561,1,0,1,0,0,0,1,0,0,0,1,1,1,1,0,0,1,1,0,0,1,0,0,1,1
"241",549,0,0,0,1,0,0,1,1,0,0,1,1,0,1,1,1,1,1,1,0,0,1,1,0,0
"242",102,1,0,1,0,1,0,1,0,0,1,0,0,1,0,0,0,1,0,1,0,1,1,0,1,0
"243",309,0,0,0,1,0,1,0,0,0,0,1,0,0,0,1,1,0,1,1,1,1,1,0,0,1
"244",1211,1,0,0,1,1,1,1,1,0,1,0,0,1,1,1,0,0,0,1,1,1,0,0,1,0
"245",1029,1,0,0,1,0,0,1,0,1,1,1,0,1,0,1,0,0,1,1,1,1,1,0,0,1
"246",1283,0,0,0,1,1,0,0,0,1,0,1,0,1,0,1,1,1,0,1,0,0,1,0,1,0
"247",827,1,1,1,0,1,1,0,0,0,0,1,1,0,1,1,1,0,1,0,1,0,1,0,1,0
"248",1169,0,1,0,1,1,1,1,0,0,0,0,1,1,0,1,0,1,0,1,0,0,1,1,1,0
"249",1392,1,0,0,0,1,1,1,0,1,0,1,0,0,0,0,1,0,1,1,1,1,0,1,1,0
"250",765,1,0,NA,1,0,1,0,0,1,1,1,0,0,0,1,1,1,0,0,1,1,0,1,1,0
"251",852,1,1,0,0,0,1,0,0,1,1,0,1,1,1,0,1,0,0,0,0,1,1,0,0,0
"252",660,0,1,1,0,1,1,1,1,0,0,1,0,1,0,1,0,0,1,0,1,1,1,1,1,1
"253",1167,0,1,0,1,0,0,1,0,1,1,0,1,1,1,1,1,0,0,1,1,1,0,0,0,0
"254",1207,1,0,0,0,0,0,0,0,1,1,0,1,0,1,1,1,0,0,0,1,1,0,0,1,1
"255",444,0,1,1,1,1,0,1,1,0,0,NA,1,1,1,1,0,1,0,1,0,1,1,1,1,1
"256",1294,1,0,1,1,1,0,0,1,1,1,0,1,0,0,0,0,0,1,0,1,1,1,1,0,0
"257",1062,1,1,1,1,0,0,0,1,1,0,0,1,0,0,0,1,0,0,1,0,0,0,0,0,1
"258",1328,0,1,1,0,1,0,0,1,1,1,1,0,1,1,1,0,0,1,1,0,0,1,0,1,1
"259",1325,0,0,1,1,0,1,0,1,0,0,1,1,1,1,1,0,0,1,0,1,0,1,1,0,1
"260",624,0,0,0,1,1,0,0,0,0,0,1,0,1,0,0,1,1,1,1,1,1,1,0,0,0
"261",14,1,0,1,0,0,1,0,0,1,1,1,1,1,1,0,1,0,1,0,0,1,1,0,0,1
"262",376,1,0,0,0,0,0,1,1,0,1,1,0,1,0,1,1,1,0,1,1,0,0,0,0,0
"263",113,0,1,1,1,1,0,0,1,0,0,NA,0,1,0,0,1,0,0,0,0,0,0,0,0,0
"264",442,0,0,1,1,1,1,1,1,0,0,1,0,0,0,0,0,0,0,0,1,1,1,1,1,0
"265",1113,1,0,0,1,0,0,0,1,1,1,0,1,0,0,1,1,0,1,1,1,0,1,1,0,0
"266",717,0,1,1,0,1,0,0,0,0,1,0,0,0,1,0,1,0,1,0,1,0,0,1,1,0
"267",658,0,0,0,0,1,1,1,1,0,0,0,1,1,1,0,1,1,0,0,0,1,1,1,1,1
"268",1289,0,0,1,0,0,0,1,0,1,1,0,1,0,0,0,0,1,1,0,1,1,1,0,1,1
"269",1252,0,1,0,0,0,0,1,0,0,1,1,0,0,1,1,1,1,1,1,0,0,1,0,0,1
"270",197,1,1,1,1,1,1,1,1,0,0,1,1,1,0,0,0,1,1,1,0,1,1,1,1,0
"271",1264,0,0,0,0,1,0,1,0,0,1,1,0,0,1,0,1,1,1,0,1,0,0,0,1,1
"272",425,1,0,0,1,1,1,1,1,0,1,0,1,1,0,1,1,0,1,0,0,1,1,0,0,1
"273",283,1,1,0,0,1,0,1,0,1,1,1,1,0,1,1,1,1,0,1,0,0,1,0,0,0
"274",372,1,0,0,NA,0,1,0,0,1,0,1,0,1,1,1,0,0,0,1,1,1,0,0,0,0
"275",1228,0,1,1,1,0,0,1,0,0,1,1,1,1,1,0,0,0,1,0,1,0,1,0,1,1
"276",366,0,0,1,1,1,0,1,1,1,0,1,0,1,1,1,1,0,0,0,0,0,1,0,1,1
"277",157,0,0,1,1,0,0,1,1,1,1,1,0,0,0,1,0,1,0,1,0,1,1,0,1,1
"278",730,0,0,0,1,0,1,0,0,1,1,0,0,0,1,0,1,0,1,0,0,1,1,1,1,0
"279",829,0,0,1,1,1,1,0,1,0,0,1,0,1,1,1,0,1,1,0,1,0,0,0,1,1
"280",1092,1,0,1,1,0,1,0,0,0,0,0,1,0,1,1,0,1,0,0,0,0,0,0,0,NA
"281",1164,1,1,1,1,0,0,1,0,0,1,1,0,1,0,0,1,1,0,0,0,NA,0,1,0,1
"282",773,1,0,1,1,1,0,1,0,0,1,1,1,1,1,0,1,0,0,1,1,0,1,0,1,1
"283",866,1,1,0,0,0,1,0,1,0,1,1,1,1,1,0,0,1,1,1,0,0,0,1,0,1
"284",770,1,1,1,0,1,0,0,0,0,0,1,1,1,0,1,0,1,1,1,0,1,0,0,1,1
"285",432,0,0,0,0,0,1,1,0,1,0,0,0,0,1,1,0,1,0,1,0,1,0,1,1,1
"286",513,0,0,0,1,0,0,0,0,1,1,1,NA,0,0,0,1,1,0,1,0,0,1,1,1,1
"287",652,0,1,1,1,0,1,0,0,1,1,0,0,1,1,1,1,0,0,1,0,1,0,0,1,0
"288",331,1,0,1,1,1,1,1,1,1,0,1,1,1,1,1,1,0,0,1,0,1,0,0,0,1
"289",1342,0,1,1,1,0,1,1,0,0,0,0,1,0,1,0,1,1,1,0,1,1,1,0,1,1
"290",1011,0,1,0,0,1,1,0,1,1,1,0,0,1,0,1,1,0,0,1,0,0,0,1,0,1
"291",1397,1,0,0,1,1,0,1,0,1,1,1,1,1,1,1,0,0,0,1,0,0,1,1,0,0
"292",674,1,0,0,1,1,1,1,0,1,0,1,0,0,0,0,0,1,1,0,0,1,0,NA,1,0
"293",567,0,1,0,0,0,0,0,1,0,1,0,0,0,1,1,1,1,0,0,0,0,1,0,1,1
"294",205,0,1,0,0,1,0,1,0,1,0,0,0,1,1,1,0,0,0,1,1,1,0,1,1,NA
"295",175,1,0,0,NA,0,0,0,0,0,0,1,1,1,1,0,0,0,1,1,0,1,1,1,1,0
"296",56,1,1,1,0,0,0,0,1,0,0,1,1,0,0,0,0,1,0,0,1,1,0,0,1,0
"297",669,1,0,0,1,0,0,1,0,1,0,0,0,1,1,1,1,1,0,1,0,1,1,1,0,0
"298",1038,0,1,1,0,0,1,0,0,0,0,1,NA,0,1,0,0,1,1,0,1,0,0,0,1,1
"299",678,1,0,1,1,1,1,1,0,1,1,0,0,0,1,1,0,0,0,1,0,1,0,0,0,0
"300",997,0,NA,0,1,1,0,0,0,0,0,0,1,0,0,1,0,1,0,0,1,1,1,1,0,0
"301",165,1,1,1,1,0,1,1,0,1,1,1,1,1,0,0,1,1,0,0,0,0,0,1,0,0
"302",749,1,0,1,0,1,0,0,0,1,0,1,0,1,0,1,0,0,1,1,1,0,1,1,1,1
"303",341,1,0,0,0,1,1,0,1,1,1,0,1,0,0,1,0,1,1,0,1,0,0,0,0,1
"304",307,1,0,0,1,1,1,0,1,0,0,0,0,1,0,0,0,1,0,1,0,1,1,1,0,0
"305",265,1,1,1,0,1,0,1,0,1,1,0,1,0,1,0,1,NA,0,1,1,1,0,0,0,1
"306",481,0,1,1,1,0,1,0,0,1,1,1,0,0,0,1,0,0,0,1,1,1,0,1,1,1
"307",1071,1,0,1,0,1,1,0,1,1,0,0,0,1,1,1,1,1,0,1,0,1,0,1,0,1
"308",1101,0,0,1,1,1,1,0,1,1,0,0,1,1,1,1,0,1,1,0,0,0,0,1,1,0
"309",1337,0,0,1,1,1,1,1,1,1,0,1,1,0,1,1,1,0,0,1,1,0,0,1,1,1
"310",782,0,0,0,1,0,1,1,0,0,0,1,0,1,0,1,1,0,1,1,1,0,1,1,0,1
"311",1319,0,0,1,0,1,1,0,0,0,0,1,0,0,1,1,0,1,0,0,0,1,1,1,1,1
"312",423,1,0,1,1,1,1,1,1,1,1,NA,0,0,1,0,1,0,1,1,1,0,1,0,0,1
"313",1291,1,0,0,1,0,0,0,1,0,1,0,1,0,0,0,0,1,0,1,1,0,0,0,1,1
"314",248,1,0,1,0,0,0,0,0,1,0,1,0,1,0,0,0,0,1,1,0,0,0,1,0,1
"315",1128,1,0,1,0,1,1,0,1,0,0,1,1,0,1,0,1,0,1,0,0,1,0,0,0,1
"316",760,1,1,1,1,1,0,1,1,0,1,0,1,0,0,1,0,1,1,0,0,0,1,0,0,0
"317",1298,0,0,1,1,0,1,1,0,0,1,0,1,1,0,1,1,0,1,1,0,0,0,0,1,0
"318",917,1,0,0,1,0,0,0,0,0,0,0,0,1,0,1,1,1,0,1,0,0,0,0,0,1
"319",399,1,1,1,0,0,1,1,0,0,0,0,0,0,0,1,0,1,0,0,0,0,1,0,0,NA
"320",1268,0,0,1,1,1,1,0,0,0,0,0,0,0,1,0,0,1,0,0,1,0,0,1,1,1
"321",272,1,0,0,0,1,0,0,1,0,0,1,1,0,1,1,0,1,0,0,0,1,1,1,0,1
"322",940,0,0,0,0,0,1,1,0,1,0,NA,0,0,0,1,0,0,0,1,0,1,1,1,1,0
"323",973,0,0,0,1,1,1,1,1,1,0,0,1,1,0,1,0,1,1,1,1,0,0,0,0,0
"324",263,0,0,1,0,1,1,1,1,1,0,0,1,0,0,0,0,0,0,1,1,0,0,1,1,NA
"325",1132,0,1,0,0,1,1,1,1,0,1,1,1,1,1,1,0,0,1,0,1,0,1,1,1,1
"326",202,1,0,1,1,1,1,0,0,0,0,0,0,0,1,1,0,1,0,0,0,1,1,1,1,0
"327",888,1,0,1,1,1,1,1,1,1,0,1,0,0,1,1,1,1,1,0,0,0,1,0,1,1
"328",679,0,0,0,0,1,0,0,0,1,0,0,0,1,0,0,0,0,0,0,0,1,0,1,1,1
"329",1358,1,1,1,0,1,0,1,0,0,1,0,1,1,1,1,0,1,0,1,0,0,1,1,0,0
"330",886,0,0,0,0,1,1,0,0,0,0,0,0,1,0,0,1,1,0,1,0,1,0,1,1,1
"331",811,1,1,1,0,1,0,1,0,1,1,1,0,1,1,0,1,0,1,0,0,1,1,1,1,1
"332",257,1,0,0,1,1,0,0,0,1,0,0,0,0,1,0,0,0,0,0,0,1,0,0,1,1
"333",1212,1,0,1,1,0,1,0,0,1,0,1,1,1,0,0,1,1,1,0,0,0,1,0,0,0
"334",1327,0,1,1,0,1,0,0,1,1,0,NA,0,1,0,0,1,0,1,0,1,NA,0,1,1,1
"335",1324,1,0,1,1,1,0,0,0,1,0,0,0,1,1,1,0,1,0,1,1,1,0,1,1,1
"336",929,1,0,0,0,0,1,0,1,0,1,1,1,1,1,0,1,1,0,0,1,1,0,1,1,0
"337",296,1,1,1,1,0,1,1,0,1,1,0,1,0,0,0,0,1,0,1,0,0,0,1,0,0
"338",987,0,1,1,0,1,0,0,1,0,0,0,1,1,1,1,1,0,1,1,0,1,1,0,0,0
"339",196,1,NA,1,0,1,0,1,0,1,1,0,1,1,1,0,0,0,0,0,0,1,0,0,1,1
"340",128,1,1,0,0,0,0,1,0,0,0,1,0,1,1,1,1,1,0,0,1,1,1,NA,1,0
"341",214,1,1,1,0,0,1,1,0,0,1,1,0,1,1,0,0,1,0,1,1,0,1,1,0,1
"342",1265,1,1,0,1,0,1,0,0,1,1,1,1,1,1,1,1,1,0,0,0,0,0,1,1,0
"343",1299,1,1,0,1,0,0,0,1,1,1,1,1,1,1,0,0,0,0,0,1,0,1,0,0,0
"344",308,0,0,0,1,1,0,1,0,0,1,1,0,0,1,0,1,0,1,0,1,0,0,1,0,1
"345",409,0,1,0,1,1,0,0,0,1,1,0,1,1,1,1,0,1,1,0,0,0,1,1,1,0
"346",1224,1,1,1,1,1,0,1,0,1,0,0,1,0,0,1,1,1,1,1,0,0,0,1,0,0
"347",798,0,0,0,1,1,0,1,0,1,1,0,0,1,1,1,1,0,0,0,1,0,0,0,1,1
"348",1144,0,0,1,0,1,0,0,1,0,0,1,0,0,0,1,0,0,0,0,0,0,1,1,0,1
"349",868,0,0,0,0,1,1,1,1,0,0,1,1,0,1,1,1,0,0,1,1,1,1,1,1,0
"350",20,1,0,0,0,1,0,0,0,1,0,1,0,0,0,0,0,0,0,0,1,1,0,1,1,1
"351",814,0,1,0,NA,0,0,1,0,0,0,1,1,1,0,0,0,0,1,0,1,1,0,1,1,1
"352",126,1,1,1,1,1,1,0,0,0,0,0,0,1,1,1,0,1,0,0,0,1,0,0,0,0
"353",948,1,0,0,0,0,0,1,1,0,0,1,0,1,1,1,1,0,1,1,1,1,0,1,1,1
"354",1037,1,0,0,0,0,0,0,0,1,1,1,1,1,1,0,1,0,0,1,1,1,0,1,1,0
"355",925,0,0,1,1,0,0,1,1,1,1,0,1,0,0,1,0,0,1,1,1,0,0,1,1,0
"356",166,NA,1,0,1,0,0,1,0,0,1,1,0,0,0,1,1,1,1,1,0,1,1,0,0,0
"357",1102,0,0,0,0,1,0,0,1,1,0,1,1,0,1,1,1,0,1,1,1,0,0,1,1,0
"358",471,1,1,1,1,1,1,1,1,0,1,0,0,0,0,1,0,1,1,0,0,0,1,0,0,1
"359",32,1,0,0,1,1,0,0,0,0,0,1,1,1,1,1,0,1,1,1,1,0,0,0,0,1
"360",1316,1,0,1,1,1,1,0,0,1,1,1,0,1,1,1,1,1,0,0,0,0,1,0,0,0
"361",57,0,NA,1,0,1,0,1,0,0,0,1,1,1,0,0,1,0,1,0,0,1,0,1,1,1
"362",1297,1,1,0,0,0,1,1,1,0,0,1,1,1,1,0,0,0,1,1,0,1,1,1,1,0
"363",9,1,1,0,1,1,0,1,0,0,0,1,0,1,1,1,1,0,1,1,1,0,1,0,0,1
"364",27,0,0,1,NA,1,1,0,0,1,0,0,1,0,0,0,1,0,1,1,0,0,0,1,1,1
"365",1377,1,1,0,1,1,0,1,0,0,1,0,0,0,1,0,1,1,0,1,0,0,0,0,1,0
"366",597,1,0,0,0,1,0,0,1,0,1,1,0,0,1,1,1,1,1,1,0,0,0,0,0,1
"367",642,1,1,0,0,0,0,1,1,1,1,1,1,1,0,0,0,0,1,0,1,0,1,0,0,0
"368",183,1,1,1,1,1,0,1,0,1,0,1,1,0,0,1,1,1,1,0,1,0,1,0,1,1
"369",1270,1,0,0,0,1,0,1,0,1,1,0,0,0,0,0,1,1,0,1,0,0,1,1,1,1
"370",981,1,0,1,1,0,0,0,0,0,1,1,1,0,0,0,0,1,0,1,1,1,1,1,1,0
"371",831,0,0,1,0,0,1,0,1,0,1,0,1,1,1,1,1,0,0,1,1,1,1,0,0,1
"372",506,1,0,0,1,1,0,1,0,1,1,1,0,1,1,0,1,1,0,1,0,0,0,1,1,0
"373",996,0,1,NA,1,1,0,1,1,0,1,1,0,1,1,1,0,0,1,0,1,1,0,1,0,1
"374",1374,1,0,0,0,0,1,0,1,1,0,NA,0,1,0,0,1,1,1,0,1,0,1,1,0,1
"375",252,0,0,0,0,0,0,0,1,1,1,0,0,0,0,1,1,1,1,0,1,1,1,1,0,1
"376",543,1,1,0,1,0,1,0,0,0,1,1,0,0,1,0,0,1,0,0,0,0,1,0,0,0
"377",649,0,1,0,0,1,1,0,1,0,0,0,1,0,0,0,1,1,0,1,1,0,0,0,1,0
"378",685,1,1,0,0,1,1,1,1,0,1,0,0,1,0,0,0,1,1,0,0,1,1,1,1,1
"379",915,0,1,0,0,0,0,0,1,0,0,0,1,0,1,0,1,0,0,1,1,NA,1,1,0,0
"380",1182,0,0,1,1,1,1,0,1,1,1,0,1,0,0,0,0,0,0,1,1,0,0,0,0,0
"381",1045,0,0,0,1,0,0,1,1,0,1,1,0,0,0,1,0,1,0,0,0,0,0,1,0,0
"382",33,0,1,0,1,0,0,0,0,1,1,1,1,1,1,1,1,1,0,1,1,1,1,0,0,1
"383",1108,0,1,1,1,0,0,1,0,0,0,1,0,1,1,1,0,1,1,1,0,0,0,1,0,1
"384",1308,1,0,0,1,0,1,1,1,0,0,1,1,0,0,1,0,0,0,0,1,1,1,1,1,0
"385",1344,1,1,1,0,0,1,0,1,0,1,1,0,0,0,1,0,1,1,0,1,0,1,1,1,1
"386",959,1,1,NA,0,0,0,0,1,0,1,0,NA,0,0,1,0,1,0,0,1,0,1,1,1,0
"387",287,0,0,1,0,0,0,1,0,0,1,1,1,1,1,1,1,0,1,0,1,1,0,1,0,0
"388",52,0,0,0,0,0,0,1,0,1,1,1,1,1,1,1,0,0,0,0,1,0,0,0,0,1
"389",403,0,1,1,1,0,0,1,1,1,1,1,1,0,0,0,0,1,1,1,1,0,0,0,1,0
"390",1120,1,0,1,0,0,1,1,0,1,0,0,0,0,1,0,0,0,1,1,1,0,0,0,1,0
"391",847,0,0,1,0,1,0,1,0,0,1,1,1,1,0,1,1,1,0,0,0,1,0,1,1,1
"392",448,0,1,1,0,0,1,0,1,1,1,1,0,1,1,0,1,0,0,1,0,1,0,0,0,0
"393",1006,0,1,1,1,0,1,1,1,1,1,0,0,1,0,0,1,0,1,0,1,1,1,0,0,0
"394",638,1,1,1,1,0,0,0,0,0,0,0,0,0,1,1,0,1,1,1,0,0,1,0,0,1
"395",969,1,1,0,0,1,1,0,1,0,1,0,0,0,0,1,0,1,0,0,0,1,1,1,0,1
"396",342,1,1,0,0,1,1,1,1,1,0,1,0,0,0,1,0,0,1,0,1,1,0,1,1,1
"397",932,1,0,0,0,0,0,1,1,0,1,1,1,1,0,1,1,0,0,1,0,1,0,0,1,1
"398",1052,0,1,0,1,1,1,1,1,1,0,1,0,0,0,0,0,1,0,1,0,0,1,0,1,0
"399",24,1,1,1,0,1,0,1,0,0,0,1,1,0,0,0,0,0,1,0,1,0,0,0,1,1
"400",563,0,0,1,1,0,1,0,0,1,1,1,1,0,1,1,1,0,0,0,1,1,0,0,1,1
"401",671,0,0,0,0,0,1,1,1,1,1,0,1,0,0,0,0,1,0,1,0,NA,1,0,1,1
"402",1205,0,0,1,1,0,0,0,0,1,0,0,0,0,1,0,0,1,1,1,1,0,0,0,0,1
"403",67,1,0,0,0,1,0,1,0,1,1,0,0,0,0,1,1,1,1,1,0,1,0,0,0,1
"404",1256,0,0,1,0,0,0,0,1,0,0,0,0,0,0,1,0,1,0,0,1,1,0,0,1,0
"405",1172,0,0,1,0,0,1,1,1,0,0,0,1,0,1,1,1,0,0,0,1,1,0,0,1,1
"406",299,1,1,0,0,1,0,1,1,1,1,1,0,0,0,1,1,1,0,1,0,1,0,1,1,1
"407",1226,1,0,1,1,0,0,1,1,1,1,1,0,0,1,1,1,1,0,1,1,1,1,0,0,0
"408",1258,1,1,1,0,1,1,0,0,0,0,0,1,0,0,0,1,1,0,1,0,1,1,0,0,1
"409",754,1,1,NA,0,0,0,1,0,1,1,1,0,1,1,0,0,1,0,1,1,0,0,1,1,1
"410",515,0,0,1,0,1,1,1,0,0,1,0,0,0,0,1,1,0,0,1,1,0,0,0,0,1
"411",1296,1,1,0,0,0,1,1,0,1,0,1,1,1,0,0,1,1,0,0,1,NA,1,1,1,0
"412",350,1,0,0,1,1,0,1,0,0,0,1,1,0,1,1,0,0,0,1,1,0,0,0,1,1
"413",149,0,0,0,1,1,0,1,1,1,0,1,0,1,1,1,0,0,1,0,1,1,1,0,0,0
"414",1343,1,1,1,1,1,1,0,0,0,1,0,0,0,0,1,0,0,1,1,0,1,1,0,0,1
"415",807,0,0,0,1,0,0,1,1,1,0,1,0,0,0,0,0,1,0,1,0,0,0,1,1,1
"416",923,0,1,1,0,1,1,0,0,0,0,1,0,1,0,0,1,0,0,0,0,0,0,0,0,1
"417",882,0,1,1,1,1,1,1,0,0,0,1,0,0,0,0,1,0,0,0,0,1,0,1,0,1
"418",400,1,0,1,1,0,1,1,0,1,0,0,0,1,1,0,0,1,1,1,0,0,1,0,0,0
"419",871,0,1,0,1,1,0,1,0,0,1,1,1,1,1,1,0,0,0,1,1,1,0,0,1,0
"420",275,0,1,0,1,0,1,0,0,1,1,1,0,0,0,1,0,0,0,0,1,1,0,0,1,1
"421",541,1,0,1,0,0,1,0,0,0,1,1,0,1,1,0,0,1,0,1,1,0,1,1,0,0
"422",704,0,1,1,0,0,0,0,1,1,1,0,1,1,1,1,1,0,1,1,1,1,1,0,0,1
"423",465,0,1,1,1,1,0,0,0,0,1,1,0,0,1,1,0,1,1,0,0,1,0,1,1,0
"424",532,1,0,1,1,0,1,0,1,0,0,0,NA,1,1,1,1,1,0,0,0,0,1,0,0,0
"425",216,1,1,1,0,1,0,0,1,0,0,0,1,0,1,1,0,0,1,0,1,1,1,1,0,0
"426",117,0,0,0,0,1,0,1,1,1,0,0,1,1,0,0,0,0,0,0,1,0,0,0,0,1
"427",45,1,1,1,0,1,1,1,1,0,1,0,1,1,1,1,1,1,0,1,0,0,1,1,0,1
"428",519,1,1,1,0,1,1,1,0,1,0,0,1,0,1,1,0,0,0,0,1,0,1,0,0,0
"429",666,0,1,0,1,1,1,0,0,1,0,0,0,0,1,0,0,0,1,1,0,1,1,0,1,0
"430",138,1,0,1,1,0,1,1,0,0,1,0,1,1,0,0,1,1,1,1,0,0,0,1,0,1
"431",141,0,1,0,0,1,1,1,0,0,1,1,1,1,1,1,0,0,0,1,1,0,1,0,0,1
"432",895,0,1,1,1,0,0,0,0,1,0,1,1,1,1,0,1,1,1,1,0,0,0,0,0,0
"433",318,1,1,0,0,1,0,0,1,1,0,1,0,1,0,0,0,1,0,1,0,0,0,1,1,1
"434",572,0,1,1,1,0,0,0,0,0,0,1,0,0,0,1,0,1,0,1,1,0,0,1,1,0
"435",795,0,0,0,0,0,0,1,0,1,0,1,1,1,0,1,0,NA,1,1,0,0,1,1,1,1
"436",1137,0,0,1,0,0,1,1,0,0,0,0,0,0,1,0,1,1,1,0,0,1,1,0,1,1
"437",797,1,1,0,1,0,1,0,0,0,0,1,0,0,0,1,1,1,1,0,1,0,0,1,1,1
"438",1148,1,0,0,1,0,1,1,0,0,0,1,0,1,1,0,1,0,1,0,1,1,1,0,0,0
"439",1247,0,1,0,0,0,1,1,0,0,0,1,0,0,1,1,0,0,1,1,1,0,0,0,1,0
"440",106,NA,1,1,0,0,0,0,0,0,0,0,0,0,0,1,1,0,0,1,0,1,0,1,0,0
"441",1203,1,0,0,1,1,0,1,0,0,0,0,0,0,0,0,1,1,0,0,0,1,1,1,0,0
"442",418,0,1,1,0,1,0,1,1,1,0,1,1,0,1,0,0,1,0,1,1,1,0,0,1,1
"443",983,0,1,1,0,1,0,1,1,0,0,0,1,0,1,1,0,0,0,0,0,1,1,0,1,1
"444",345,0,1,0,0,1,0,1,1,0,0,NA,1,1,1,1,1,1,1,0,0,1,0,0,1,0
"445",715,1,1,0,0,0,0,0,0,1,0,1,1,1,0,0,0,0,1,0,0,1,0,0,0,0
"446",1111,0,1,1,1,0,0,1,0,1,0,0,1,0,1,1,1,0,0,1,1,1,0,0,1,0
"447",195,NA,1,1,1,0,0,1,0,1,0,1,0,0,1,0,1,1,1,1,1,1,0,0,0,0
"448",1210,0,0,0,1,1,0,0,1,1,1,1,1,1,0,0,0,0,0,0,0,1,0,0,1,0
"449",327,0,0,1,0,1,0,1,0,1,0,1,1,1,1,0,1,0,0,1,0,1,0,1,1,1
"450",623,1,1,1,1,0,0,0,0,0,1,1,1,0,0,1,0,0,0,0,0,1,1,1,1,1
"451",508,1,1,0,0,1,1,1,0,1,0,0,1,1,1,0,1,1,1,1,1,1,0,1,0,0
"452",1025,1,0,0,0,0,1,0,0,0,0,0,1,0,0,0,1,1,0,1,1,0,0,0,0,0
"453",599,1,0,0,0,1,0,1,0,0,1,0,0,0,0,1,0,1,1,0,0,0,1,0,0,0
"454",78,1,0,0,1,1,0,1,1,0,1,1,0,1,1,1,1,1,0,0,1,1,0,0,0,0
"455",297,0,1,0,0,1,0,0,0,1,0,0,0,1,1,0,1,0,0,1,0,0,1,1,0,1
"456",738,0,1,1,1,1,0,0,0,0,1,NA,1,0,0,1,1,0,1,1,0,1,1,0,0,0
"457",148,1,1,0,1,1,0,0,1,1,1,0,0,0,0,0,0,1,1,1,1,1,1,0,1,1
"458",618,0,1,1,1,0,0,0,1,0,1,1,1,0,0,1,0,0,1,1,0,1,1,NA,0,0
"459",344,0,NA,1,1,0,1,0,0,0,1,0,0,1,0,1,0,0,1,1,1,0,1,1,1,1
"460",1191,1,0,0,0,1,0,0,1,1,0,0,0,0,1,1,1,1,0,0,1,1,1,1,1,0
"461",816,0,1,0,0,0,1,1,0,0,0,1,1,1,0,1,0,0,1,1,1,0,1,1,1,0
"462",617,1,0,1,0,1,0,1,1,1,0,1,0,1,0,1,1,1,1,0,1,0,1,1,1,1
"463",1255,1,1,1,0,0,1,0,0,0,1,1,1,0,0,1,1,0,0,1,0,1,1,1,0,NA
"464",740,0,1,1,0,0,1,1,0,0,0,0,0,0,1,0,1,1,0,0,0,1,0,1,1,1
"465",1217,1,1,0,1,0,0,1,0,0,1,1,1,0,1,0,1,1,1,0,0,0,0,1,1,0
"466",507,1,0,0,1,1,0,0,1,0,1,0,1,1,0,0,1,0,1,1,1,1,0,0,0,1
"467",1274,0,1,1,1,0,0,1,1,1,1,0,0,0,0,1,1,1,1,0,0,NA,1,0,1,1
"468",245,1,1,0,1,0,1,1,1,0,0,0,0,0,0,0,0,0,1,1,0,1,1,1,1,0
"469",1331,0,0,0,0,0,1,1,1,0,0,0,1,0,0,0,1,0,1,1,1,0,0,0,1,1
"470",1389,0,1,0,0,0,0,1,1,0,1,0,0,0,1,1,0,1,0,1,0,1,0,0,0,0
"471",656,1,0,1,0,1,0,0,0,1,0,1,0,1,1,0,1,0,1,0,1,1,0,0,1,1
"472",415,0,0,0,0,1,1,1,0,0,1,1,0,1,1,0,0,1,1,1,0,1,0,1,0,0
"473",97,0,0,1,0,0,1,1,1,1,1,0,1,1,1,1,0,1,1,1,1,1,0,0,0,1
"474",874,0,1,1,1,1,1,0,1,0,1,1,1,0,0,1,1,1,1,0,1,1,0,0,0,0
"475",229,1,0,1,0,0,0,0,0,0,1,0,NA,1,1,1,1,1,0,0,0,0,1,1,0,0
"476",28,0,NA,1,0,1,1,1,0,0,0,1,1,1,1,1,1,0,0,0,0,1,0,0,1,1
"477",761,1,0,0,1,1,1,1,0,1,0,0,1,0,1,1,1,0,1,1,1,1,1,0,0,1
"478",386,0,1,NA,0,1,0,1,1,1,0,1,1,0,1,0,1,1,0,1,0,1,0,1,1,0
"479",1063,1,0,1,1,1,0,1,0,0,1,0,0,1,0,1,0,0,0,0,0,1,1,1,1,1
"480",841,0,0,0,0,0,0,1,1,1,0,1,1,1,1,1,1,1,0,1,1,0,1,0,1,1
"481",62,1,0,0,1,0,1,0,0,1,0,0,0,0,0,0,1,NA,0,1,0,1,0,1,0,1
"482",206,1,0,1,1,0,0,0,0,0,1,1,1,0,0,0,0,1,1,1,0,0,1,1,1,0
"483",498,1,1,1,1,1,1,1,1,1,1,0,1,0,1,1,1,0,1,0,1,1,1,1,0,1
"484",89,1,0,1,0,0,1,0,1,1,0,0,0,1,1,1,1,0,0,1,0,NA,1,1,0,0
"485",655,0,0,1,1,1,1,1,1,1,0,1,1,1,1,0,1,0,1,1,0,0,0,0,0,1
"486",1382,0,0,1,0,0,0,0,1,1,0,1,0,1,1,0,0,0,1,0,0,1,0,0,0,0
"487",1286,1,1,1,0,1,0,1,0,0,1,1,1,1,0,1,1,0,1,0,0,1,0,1,0,0
"488",253,0,0,1,1,0,1,0,1,1,1,0,0,1,1,0,1,0,1,0,1,0,0,0,0,0
"489",1263,1,0,0,1,0,1,0,0,1,0,1,1,1,1,0,0,1,0,0,0,1,1,1,0,NA
"490",616,0,0,1,1,0,1,1,1,0,0,0,1,0,0,1,0,0,0,1,0,0,1,0,1,1
"491",435,NA,0,0,0,0,1,1,1,0,0,1,0,1,1,1,0,0,0,0,1,1,1,0,1,1
"492",1088,0,0,1,NA,0,1,1,0,0,0,0,0,0,1,1,1,1,0,0,1,1,1,1,1,1
"493",982,0,0,0,1,0,0,1,0,0,1,0,1,0,0,0,0,0,0,1,1,0,1,0,0,0
"494",1007,0,0,0,1,0,0,0,1,0,0,1,0,1,0,0,1,0,1,0,1,0,1,1,1,1
"495",1250,1,1,0,1,0,0,1,0,1,1,1,0,0,0,0,0,0,0,0,1,NA,0,0,0,0
"496",877,1,0,1,0,0,0,0,0,1,0,1,0,1,0,0,0,1,0,1,0,NA,0,1,0,1
"497",564,0,1,0,0,1,1,1,0,1,1,1,0,1,0,1,0,1,1,0,0,1,0,1,0,0
"498",776,1,0,1,0,1,1,1,1,0,0,0,1,0,1,1,0,0,0,1,1,0,0,1,1,1
"499",410,1,0,1,1,1,1,1,0,0,1,0,1,0,0,1,0,1,1,0,1,0,0,1,0,0
"500",1126,0,1,1,1,1,1,0,0,1,0,0,1,0,1,1,0,1,1,0,0,0,0,0,1,1
"501",698,1,1,1,1,1,1,0,0,0,1,1,0,1,1,0,0,0,1,1,0,1,1,1,1,0
"502",276,0,0,1,1,1,0,1,1,1,0,0,1,0,0,0,0,0,0,0,0,0,0,0,1,0
"503",991,1,0,0,0,0,0,1,1,0,0,0,1,1,1,1,1,0,1,1,1,1,1,1,1,1
"504",1019,1,0,0,0,1,1,0,0,1,0,0,0,1,0,0,1,0,0,0,0,1,1,1,0,1
"505",839,0,1,1,1,1,0,0,1,0,1,0,NA,1,1,0,1,0,1,0,0,1,0,0,1,1
"506",860,1,1,0,1,0,0,1,0,0,1,1,0,0,1,1,1,1,0,0,1,0,0,1,1,1
"507",885,0,1,1,1,1,0,1,1,1,1,1,1,1,1,0,0,1,1,1,1,0,1,0,0,0
"508",328,1,0,0,0,0,0,1,0,0,1,1,1,0,1,0,0,0,1,0,1,0,0,0,0,0
"509",35,0,1,0,1,0,0,1,1,0,0,0,1,1,0,1,0,0,0,1,1,0,1,0,0,0
"510",355,0,1,1,1,1,1,1,1,0,0,1,0,0,0,0,1,1,1,0,1,NA,1,0,1,0
"511",511,1,0,1,0,0,1,1,1,0,1,1,0,0,0,1,1,0,1,1,0,0,1,1,1,0
"512",628,0,0,1,0,1,1,1,1,0,0,1,1,1,0,1,1,0,0,0,1,0,1,0,1,0
"513",672,0,1,1,0,0,1,0,1,0,1,0,1,1,0,1,1,1,0,1,1,0,0,1,0,1
"514",710,1,1,1,0,0,0,1,1,0,0,1,0,0,0,0,1,0,0,1,1,1,0,1,0,1
"515",512,1,1,0,0,0,1,1,0,0,0,1,1,0,0,0,1,1,1,1,1,1,1,NA,1,1
"516",1254,0,0,1,1,0,1,0,0,1,1,1,1,0,0,0,0,0,0,1,0,0,0,1,0,1
"517",1222,0,0,0,0,1,0,1,0,0,1,0,0,1,0,0,1,0,0,1,0,1,1,0,0,1
"518",1193,1,1,0,0,1,0,1,1,1,0,1,1,0,1,1,1,1,1,0,1,1,0,1,0,1
"519",1304,0,0,0,1,0,0,1,1,1,1,1,0,1,0,0,1,1,0,0,0,0,1,1,0,0
"520",726,1,1,0,1,0,1,1,0,1,0,1,1,1,0,1,0,0,1,0,1,1,1,0,0,1
"521",1288,1,1,0,1,0,1,0,1,0,1,0,0,0,0,1,1,1,0,1,1,0,1,0,0,1
"522",1129,NA,1,0,0,0,0,1,1,1,0,0,1,1,1,1,0,0,1,0,1,1,0,1,1,1
"523",374,1,1,1,1,1,0,0,1,1,0,0,0,0,1,0,1,0,1,0,1,0,0,1,1,NA
"524",497,0,0,1,0,1,1,1,1,1,1,1,0,0,1,1,0,1,1,1,1,1,0,1,0,0
"525",1332,1,NA,1,1,0,0,0,0,0,1,1,0,0,1,0,1,0,1,1,0,0,1,0,1,0
"526",634,1,1,0,0,1,1,0,0,1,1,0,0,0,1,1,1,0,1,0,1,1,0,0,0,0
"527",1190,1,0,0,1,1,1,1,0,0,1,0,0,1,0,1,0,1,1,0,1,1,0,NA,1,1
"528",368,0,1,NA,1,0,1,1,0,1,1,0,NA,0,1,0,0,1,0,1,0,1,0,1,1,0
"529",659,1,1,1,1,0,1,0,1,0,0,0,0,0,0,1,1,0,1,0,1,0,0,0,1,0
"530",332,1,0,0,0,0,1,1,0,0,0,0,1,1,0,1,0,0,1,1,0,1,1,1,1,0
"531",1089,0,0,1,1,0,1,1,0,1,1,0,0,0,0,0,1,0,0,1,0,0,1,1,1,1
"532",500,0,1,0,0,1,1,1,1,0,0,1,1,0,0,1,1,0,1,1,0,1,0,1,1,0
"533",91,1,0,1,1,1,0,1,1,1,1,1,1,0,1,1,0,0,1,0,1,0,1,0,1,0
"534",1356,1,1,1,1,0,1,1,0,0,0,1,0,1,1,0,1,1,1,0,1,0,0,0,0,1
"535",1143,1,1,0,0,0,0,0,1,0,1,0,1,0,1,0,0,0,0,0,0,0,1,0,0,1
"536",1183,0,0,0,1,1,1,0,0,0,0,0,1,1,1,0,1,0,1,0,0,0,0,1,1,0
"537",37,1,1,0,1,1,0,0,1,1,0,0,0,1,0,0,0,0,0,0,0,1,0,1,1,0
"538",129,0,0,0,NA,0,0,0,0,0,0,1,0,0,1,0,1,1,1,1,0,0,0,NA,0,0
"539",406,0,1,0,1,1,0,1,0,0,1,0,0,0,0,1,1,0,0,0,1,0,0,1,1,1
"540",381,0,1,1,1,1,1,1,1,1,1,0,1,0,0,1,0,1,0,1,0,1,0,1,0,1
"541",819,0,0,0,0,1,1,0,1,0,1,1,0,1,1,0,1,0,1,1,1,1,1,0,1,1
"542",1049,1,1,0,1,0,1,0,1,1,0,1,0,1,1,1,0,1,1,0,0,1,0,0,0,1
"543",188,0,1,1,0,1,1,1,0,1,1,1,0,0,0,1,0,0,0,1,1,1,1,0,1,0
"544",630,0,0,0,0,1,0,0,1,1,0,0,0,1,1,1,1,1,0,0,1,1,0,1,0,0
"545",1313,1,1,0,1,0,0,0,1,1,0,0,NA,0,1,0,0,1,0,1,1,0,0,0,1,0
"546",326,0,0,0,0,1,0,1,1,1,0,0,1,0,1,0,0,1,0,1,1,0,0,0,1,0
"547",867,0,1,1,0,1,0,1,1,1,0,0,1,0,1,1,1,1,0,1,1,0,1,1,1,1
"548",1017,0,0,1,1,1,1,0,0,0,1,1,1,0,0,1,1,1,1,0,1,0,0,0,0,0
"549",956,1,1,0,1,1,1,1,1,0,1,1,1,1,0,0,0,0,0,1,0,0,0,1,1,1
"550",417,0,0,0,0,0,0,0,1,0,0,0,0,1,0,1,1,0,0,1,0,1,0,NA,1,1
"551",447,1,0,0,0,1,0,0,1,1,1,NA,1,1,0,0,1,1,1,0,1,0,1,0,0,0
"552",1162,1,0,1,1,1,1,1,1,1,0,0,0,1,1,0,1,0,0,0,0,0,1,1,1,1
"553",121,0,1,0,0,0,0,1,0,0,0,1,0,1,0,1,1,0,1,0,0,0,1,1,0,1
"554",1290,0,1,1,0,0,0,0,1,0,1,1,0,1,0,1,0,0,1,1,1,1,0,NA,1,NA
"555",1059,1,0,0,0,1,1,1,1,1,1,1,0,0,0,0,1,1,0,0,1,0,1,0,0,1
"556",906,0,0,0,1,0,1,0,1,0,1,1,1,0,1,1,0,1,0,1,0,1,0,1,0,1
"557",39,1,0,1,0,0,0,0,1,0,1,NA,1,1,0,0,0,1,1,1,0,1,0,1,0,1
"558",588,1,1,0,0,1,0,0,0,0,0,1,1,1,1,0,1,0,0,0,0,1,1,0,0,1
"559",212,1,1,0,0,0,1,0,0,0,1,1,0,1,0,1,1,0,1,0,0,1,1,1,1,1
"560",167,0,1,0,0,1,1,1,1,1,1,1,0,1,0,1,0,1,0,0,1,0,0,1,0,0
"561",1231,1,1,1,1,1,1,0,0,1,1,1,0,1,0,0,1,1,0,0,0,0,1,1,1,1
"562",496,0,0,1,0,0,1,1,1,1,1,1,1,1,1,0,1,0,0,0,0,1,0,0,1,0
"563",766,0,1,0,0,0,0,0,1,0,0,1,1,0,1,0,1,0,1,0,1,1,1,1,0,0
"564",578,0,0,0,1,1,0,1,1,0,1,0,0,1,1,0,1,1,0,0,1,0,0,0,1,1
"565",250,NA,NA,0,0,0,1,0,1,1,1,0,1,0,0,1,1,1,1,1,1,1,0,0,0,1
"566",135,1,0,1,0,0,1,1,1,1,1,1,0,0,1,0,0,1,1,0,1,1,0,0,1,0
"567",570,0,0,0,0,0,0,0,0,0,1,0,1,1,0,1,0,1,1,1,1,1,1,1,0,1
"568",580,1,0,1,0,1,1,1,1,0,0,1,0,0,1,0,0,1,1,0,0,1,1,0,0,0
"569",1153,1,0,0,1,1,0,0,1,1,1,0,1,0,0,0,0,0,1,1,1,1,0,1,1,0
"570",703,0,0,0,1,0,0,1,1,1,0,0,1,0,0,0,0,1,0,0,1,0,1,0,0,1
"571",977,1,0,1,0,1,0,0,1,0,1,0,1,0,1,0,0,0,1,1,1,0,0,0,1,0
"572",151,1,NA,1,0,1,0,1,1,1,0,1,1,0,0,0,1,0,1,1,0,0,1,0,1,0
"573",357,0,1,1,0,0,0,1,1,1,1,1,1,1,0,1,1,0,1,1,1,1,1,0,1,1
"574",98,1,0,1,0,0,1,0,0,0,0,0,0,0,1,0,0,0,0,0,1,1,0,1,0,1
"575",930,1,NA,1,0,1,0,1,1,0,0,0,0,1,1,1,1,0,1,0,1,1,1,1,1,0
"576",232,1,0,1,1,1,1,1,0,0,0,0,0,1,1,1,1,1,1,1,1,0,0,1,0,1
"577",227,1,0,1,0,0,1,0,0,0,1,1,1,1,1,0,1,0,0,1,1,1,0,0,0,0
"578",266,1,0,1,0,1,1,0,1,1,0,0,1,1,1,0,0,1,0,1,1,1,1,1,0,0
"579",727,0,1,0,1,1,0,0,0,0,0,0,1,1,0,1,1,0,1,1,0,0,0,1,0,1
"580",502,1,1,0,1,0,0,1,0,1,1,0,1,1,0,1,0,0,0,1,1,0,0,1,0,0
"581",118,0,0,1,0,1,0,1,1,1,1,0,1,0,0,1,1,1,0,0,1,1,1,0,0,1
"582",362,0,1,1,1,1,0,1,0,1,0,1,1,0,1,1,1,0,0,0,1,0,1,1,1,NA
"583",529,0,0,0,0,0,1,1,1,1,0,1,1,0,1,0,0,1,0,0,0,1,1,1,0,0
"584",103,1,1,0,0,1,0,1,0,0,1,1,1,0,1,0,1,1,1,1,0,0,1,1,0,0
"585",453,1,0,0,0,1,1,1,1,1,0,1,1,0,1,1,1,1,0,1,0,1,0,1,0,1
"586",322,1,0,1,1,0,1,1,1,0,0,0,1,0,0,0,1,0,1,0,0,0,0,1,1,0
"587",504,0,1,NA,0,0,0,1,0,1,1,0,0,1,1,1,1,0,1,1,0,1,1,0,0,0
"588",470,1,0,0,0,0,0,1,1,0,1,0,0,0,1,1,1,0,1,1,0,0,1,1,1,1
"589",285,1,1,1,0,1,0,1,0,0,0,0,1,0,0,0,1,0,1,0,1,1,1,0,0,0
"590",1386,1,0,0,1,0,0,1,1,0,1,1,1,0,1,0,1,1,1,0,0,0,0,0,0,0
"591",392,0,1,0,0,1,0,0,1,0,0,0,1,1,0,1,1,0,0,0,1,1,1,0,0,0
"592",1233,0,1,0,1,0,0,0,0,1,1,1,0,1,0,1,0,0,0,0,1,1,1,1,1,0
"593",1,1,1,1,0,1,0,1,1,1,1,0,1,0,0,0,1,0,1,1,0,0,1,1,1,NA
"594",1166,0,1,1,0,0,1,0,0,1,0,0,0,0,0,1,1,0,0,0,1,0,0,0,0,0
"595",61,1,0,1,1,1,0,0,1,0,0,1,0,0,0,0,1,0,0,1,1,1,0,1,0,0
"596",586,1,1,NA,1,0,1,1,0,0,0,0,0,0,0,1,0,1,1,1,1,0,0,1,1,0
"597",864,1,1,0,1,0,0,1,0,1,1,0,0,1,0,1,0,0,1,0,1,1,0,1,0,0
"598",87,0,1,1,1,1,1,0,0,0,0,0,1,1,1,1,1,1,1,0,1,1,1,1,0,1
"599",1306,1,1,NA,0,0,0,0,1,1,0,0,0,1,1,1,1,0,0,0,1,1,0,1,1,1
"600",73,0,1,1,1,1,0,1,1,0,1,1,0,1,0,0,0,1,0,1,1,1,1,0,0,1
"601",1365,0,0,1,1,0,0,0,0,0,0,1,1,0,1,1,0,0,0,0,1,1,0,1,1,0
"602",1398,1,0,1,0,1,1,0,0,0,0,0,0,1,0,0,0,0,1,0,1,1,1,0,1,1
"603",1281,1,1,0,0,0,0,1,1,0,1,1,0,1,0,1,1,0,1,1,0,0,1,0,1,0
"604",863,0,1,1,1,1,1,1,0,0,1,0,0,0,0,0,0,0,1,1,0,1,1,0,0,1
"605",445,0,1,1,1,1,1,1,0,1,0,1,1,0,1,0,1,0,1,1,0,1,1,1,1,0
"606",218,0,1,0,0,1,0,1,1,0,1,1,1,0,1,0,0,1,0,1,1,1,1,1,0,1
"607",242,0,1,1,1,1,0,1,1,1,0,1,1,0,1,1,0,0,0,0,1,1,0,1,0,1
"608",594,1,1,1,0,0,1,1,1,1,1,0,0,0,1,0,0,0,1,1,0,0,0,0,0,0
"609",719,0,1,0,1,0,1,0,1,1,1,1,0,1,1,1,1,0,0,0,1,1,1,0,0,1
"610",883,0,0,0,1,0,1,1,0,0,0,0,1,0,0,0,1,1,0,0,0,0,0,1,0,0
"611",1043,0,1,0,0,0,0,0,0,1,1,0,0,1,1,0,0,1,0,0,1,1,1,0,1,0
"612",713,1,0,1,1,1,1,1,1,1,1,0,0,1,0,1,0,NA,1,1,0,1,1,1,1,0
"613",42,0,1,0,1,1,1,0,1,1,0,1,1,0,1,0,0,0,0,1,1,0,1,1,1,1
"614",1225,1,1,0,0,0,1,1,0,0,1,0,0,0,0,1,1,0,0,0,1,0,1,0,1,1
"615",582,1,1,0,0,0,0,1,1,0,0,1,1,1,0,1,1,1,1,0,1,0,0,0,1,1
"616",360,1,0,0,1,0,0,1,1,1,1,1,0,1,1,0,0,1,0,1,0,1,1,0,1,1
"617",1067,0,0,1,1,0,0,0,1,0,0,0,0,1,1,1,0,0,0,1,1,0,0,NA,0,0
"618",619,1,0,1,0,1,1,0,0,0,0,1,1,1,1,0,1,1,0,0,0,1,0,0,0,1
"619",395,1,0,0,0,1,1,0,1,1,1,0,0,0,1,1,1,1,0,1,1,1,0,0,1,1
"620",1178,1,0,0,1,0,0,1,0,1,0,0,0,1,0,1,0,0,0,1,1,1,0,0,1,0
"621",1310,0,0,1,1,0,1,1,0,0,0,0,0,0,1,1,1,1,0,0,0,0,1,1,1,1
"622",640,1,1,1,1,0,0,0,1,0,1,0,0,0,1,0,0,0,1,1,1,0,1,0,0,0
"623",1188,1,1,1,0,0,1,0,1,1,1,1,0,1,1,1,1,1,0,1,0,1,1,0,0,0
"624",244,0,0,1,0,0,0,0,1,1,1,1,0,0,0,1,1,1,1,1,0,1,1,0,0,1
"625",615,0,1,0,1,1,0,1,1,0,1,0,0,0,0,1,1,1,0,0,0,1,0,0,1,0
"626",937,0,0,1,1,1,0,0,1,0,1,0,0,1,0,1,0,1,0,1,0,1,1,0,1,0
"627",171,0,0,1,0,0,1,1,1,0,0,0,1,0,1,0,0,NA,0,1,0,0,0,0,0,0
"628",105,1,0,0,1,0,0,1,0,0,0,1,0,0,1,1,1,0,1,0,0,0,0,0,0,0
"629",490,1,0,0,1,0,1,0,0,1,1,0,1,1,0,0,0,0,0,1,0,0,0,0,0,1
"630",96,0,1,0,1,1,1,0,0,1,1,1,1,0,1,1,1,0,0,1,1,1,1,0,0,1
"631",527,1,1,0,0,0,0,1,1,0,1,1,0,0,1,1,1,0,0,0,0,1,0,0,1,1
"632",152,0,0,0,0,0,0,1,1,1,0,0,1,0,0,1,0,0,1,0,0,1,0,0,0,0
"633",967,0,1,0,0,1,1,0,0,1,1,1,0,1,0,1,1,1,1,1,0,1,0,0,0,0
"634",1090,1,0,0,1,1,0,1,1,0,0,0,0,0,1,0,1,1,0,0,1,0,0,1,1,0
"635",289,1,1,1,1,1,1,1,1,1,1,NA,0,0,1,0,1,0,0,0,0,1,1,0,1,1
"636",878,1,0,0,1,1,1,1,1,0,0,0,0,0,1,1,1,0,1,1,0,0,1,1,1,1
"637",260,1,0,1,0,0,0,0,0,1,1,1,1,1,1,1,0,0,1,0,0,0,0,0,1,1
"638",994,0,0,0,1,0,1,1,0,1,1,0,0,1,1,0,0,0,0,0,0,0,1,1,0,0
"639",1066,0,1,1,1,1,1,1,0,0,0,0,1,1,1,1,0,1,1,0,1,0,1,0,0,1
"640",909,1,0,0,0,0,1,1,0,1,0,0,0,1,0,1,0,0,0,0,1,0,0,1,0,1
"641",613,0,1,1,1,0,0,1,1,0,1,1,1,0,0,1,1,NA,0,1,0,0,0,0,1,0
"642",620,1,0,NA,0,1,1,1,0,0,1,0,0,1,1,1,0,0,0,1,0,1,0,0,0,1
"643",924,1,0,1,1,0,1,0,1,1,1,0,1,0,1,1,1,0,1,0,1,0,1,1,0,0
"644",211,0,0,0,1,1,0,0,1,1,1,0,1,0,1,1,1,NA,1,1,1,1,0,0,0,0
"645",489,NA,1,1,1,0,1,0,0,1,0,0,0,1,1,0,1,1,0,1,1,0,1,1,1,0
"646",1174,1,0,1,NA,1,1,1,0,1,1,1,1,0,0,1,0,0,0,1,0,0,0,0,0,0
"647",1197,0,0,0,0,1,1,1,0,1,0,0,1,0,0,0,0,1,0,0,1,1,1,0,1,1
"648",584,0,0,1,1,1,0,1,0,1,1,1,0,0,1,0,0,1,1,0,1,1,0,0,0,0
"649",664,1,1,0,0,1,1,0,1,0,1,0,1,1,0,0,1,1,1,1,1,0,1,1,0,1
"650",921,1,1,0,1,1,1,1,1,1,1,0,0,0,0,0,1,1,1,0,1,1,0,0,1,1
"651",440,1,0,0,0,1,0,1,0,1,0,0,0,0,1,0,0,1,0,1,1,0,0,1,0,1
"652",329,1,1,0,1,0,1,0,0,1,1,0,0,1,0,1,1,0,0,0,0,1,0,NA,0,0
"653",469,0,0,0,1,1,1,1,0,1,1,0,1,1,1,0,0,1,1,0,1,1,1,0,0,0
"654",1336,0,1,0,1,1,0,1,1,1,0,0,0,0,1,1,1,1,0,0,1,1,0,1,0,0
"655",711,0,1,0,0,1,1,0,1,0,0,1,1,0,1,0,1,1,1,1,0,1,1,1,1,1
"656",568,1,0,1,0,1,0,1,0,0,0,1,0,1,1,0,1,0,1,1,1,0,0,0,1,0
"657",676,1,1,1,1,1,1,0,1,0,1,0,0,0,1,1,0,1,0,0,0,0,0,0,1,0
"658",576,0,1,1,1,0,1,1,1,1,0,1,0,1,1,1,1,1,0,0,0,1,1,0,0,1
"659",230,0,0,0,0,0,1,0,0,1,0,0,1,0,1,1,1,0,0,0,0,0,0,0,0,0
"660",8,1,0,1,1,0,0,0,1,0,1,1,1,1,1,0,1,NA,1,0,0,0,0,1,1,0
"661",1181,0,0,NA,0,0,0,0,0,1,0,0,1,0,0,0,0,0,0,1,1,0,1,1,1,1
"662",732,0,0,1,0,1,0,0,1,1,1,1,1,0,0,1,0,0,1,0,1,0,0,1,0,1
"663",312,1,0,1,1,0,1,0,1,1,1,1,1,1,1,1,0,0,0,0,1,1,1,0,1,0
"664",636,1,1,1,1,0,1,1,1,0,0,0,0,1,1,0,0,1,0,1,1,1,0,0,1,0
"665",173,1,1,0,1,1,0,0,0,0,1,0,1,1,0,1,0,1,0,1,1,0,0,1,0,0
"666",708,1,1,1,1,1,0,1,1,0,1,0,0,0,1,1,0,0,1,1,0,1,0,1,1,1
"667",190,1,0,0,0,0,0,1,0,1,0,1,1,0,1,1,1,0,0,0,1,0,1,1,1,0
"668",375,1,1,0,0,1,0,0,0,1,0,0,0,1,0,0,1,0,1,1,1,0,0,0,0,0
"669",769,0,NA,0,1,0,1,0,1,1,1,0,1,0,0,1,1,0,1,0,1,1,1,0,1,1
"670",486,0,1,0,0,1,1,0,1,1,1,0,1,1,1,1,1,NA,0,1,0,1,0,0,1,0
"671",581,0,0,1,0,1,0,0,0,1,0,0,1,0,1,1,1,1,1,1,1,1,1,1,0,0
"672",1372,1,0,0,0,0,0,1,1,0,0,0,1,0,1,1,0,0,1,0,0,NA,1,0,0,0
"673",663,1,0,1,1,1,0,1,0,0,1,0,0,1,1,1,0,0,0,1,1,0,1,1,0,1
"674",433,0,0,0,1,1,0,1,1,1,0,1,1,1,0,1,0,0,0,0,1,0,0,1,1,0
"675",709,0,0,1,0,1,1,1,1,1,0,1,0,1,1,0,1,1,0,1,1,0,0,0,0,0
"676",505,1,0,0,0,1,0,1,0,0,0,1,1,0,0,1,0,1,0,1,0,NA,0,0,1,0
"677",333,0,0,1,0,0,0,1,0,0,1,0,1,1,0,0,1,0,1,1,1,1,0,1,1,1
"678",995,1,0,0,NA,1,1,1,1,0,1,1,1,0,0,1,0,0,1,0,0,1,1,1,1,0
"679",160,0,0,0,1,1,0,1,1,1,0,1,1,1,0,0,1,0,0,1,1,0,1,0,1,0
"680",1278,0,0,NA,1,0,1,1,1,0,1,1,0,0,0,0,0,0,1,1,1,0,1,1,1,1
"681",823,0,0,1,0,1,0,0,0,0,0,1,1,1,0,0,0,0,0,1,1,0,1,0,0,0
"682",191,1,1,0,0,1,0,0,1,1,1,1,NA,0,1,0,0,0,1,0,1,0,1,1,1,1
"683",608,1,0,NA,1,1,1,1,1,0,1,0,0,1,0,0,0,1,0,1,1,1,1,1,0,0
"684",690,0,0,0,1,1,0,0,1,0,0,0,0,0,0,1,1,1,0,0,0,1,1,1,1,1
"685",428,1,1,1,1,0,1,1,0,0,1,1,0,0,0,0,0,0,1,1,0,0,1,0,0,1
"686",1012,0,1,1,1,1,0,1,1,0,1,0,1,0,0,1,1,1,0,0,1,0,0,1,0,0
"687",976,1,0,1,1,1,0,0,1,1,0,1,0,1,1,0,1,0,1,1,1,1,0,0,0,1
"688",337,0,0,1,1,1,0,0,0,1,0,NA,0,0,0,1,1,1,0,1,0,1,0,1,0,1
"689",842,0,0,0,0,1,1,0,1,0,0,1,1,1,0,0,0,0,1,1,1,1,0,1,0,0
"690",858,1,0,0,0,0,0,1,1,0,1,1,1,1,1,1,1,NA,0,0,0,1,1,1,1,1
"691",1329,1,0,0,1,1,1,1,1,0,1,1,1,1,1,1,1,0,1,1,1,0,1,0,0,0
"692",899,0,0,1,1,1,1,0,1,0,1,NA,1,0,1,1,0,0,0,0,0,0,1,1,1,1
"693",3,1,0,0,0,0,1,0,1,1,1,1,0,0,0,1,1,0,0,1,0,1,0,1,1,0
"694",385,1,NA,0,0,0,0,0,0,0,1,0,0,0,1,1,1,0,0,1,1,1,1,1,1,0
"695",452,0,1,0,0,0,0,1,0,0,1,1,0,0,1,1,0,1,1,1,0,1,1,0,0,0
"696",34,0,1,1,0,1,1,1,0,1,1,0,0,0,0,1,1,0,0,0,0,0,1,0,1,1
"697",1362,0,0,1,1,1,0,0,0,0,1,0,0,1,0,0,0,1,0,1,1,1,1,1,0,1
"698",893,0,0,1,0,0,0,1,1,0,1,0,1,0,1,1,1,1,1,1,1,0,1,0,1,1
"699",279,1,0,0,1,0,1,0,1,0,1,1,0,0,0,0,1,1,0,0,1,1,0,0,1,0
"700",785,0,0,1,0,1,1,1,0,1,1,1,1,1,1,1,0,0,1,0,0,0,0,1,0,0
"701",259,0,1,0,1,0,1,1,1,0,1,0,1,1,1,0,1,1,1,1,1,NA,1,1,0,0
"702",872,1,0,0,1,1,1,1,0,1,1,0,0,0,0,1,0,0,0,1,0,0,1,1,1,0
"703",351,1,0,0,1,0,1,0,0,1,1,0,0,0,0,1,0,0,1,0,1,1,0,1,0,0
"704",476,NA,1,0,NA,1,0,0,0,0,0,0,1,1,1,0,0,0,1,1,1,1,0,0,0,1
"705",127,0,1,1,0,1,0,0,0,1,0,0,0,1,1,1,1,1,1,1,1,1,1,0,1,1
"706",346,0,1,1,0,1,0,0,0,0,1,0,1,0,0,1,0,0,1,0,1,1,1,1,0,0
"707",1022,0,0,1,NA,1,0,1,0,0,0,0,1,0,0,1,0,1,1,1,1,1,0,1,1,1
"708",413,1,0,1,0,0,1,1,1,0,1,0,0,1,0,1,1,1,1,0,1,0,0,1,1,1
"709",51,1,0,1,1,0,0,1,0,0,1,1,1,0,0,1,0,1,1,0,1,1,1,1,1,1
"710",593,1,1,1,0,0,1,0,1,0,1,0,0,1,1,1,1,1,0,1,1,0,1,0,0,0
"711",661,0,1,0,0,0,0,1,1,0,0,1,1,0,1,0,0,0,1,1,1,1,0,0,0,0
"712",85,1,0,NA,1,1,1,0,1,1,1,1,0,1,1,0,1,1,1,1,0,0,0,0,1,1
"713",843,1,1,1,1,0,1,0,1,1,0,1,1,0,1,1,1,0,0,1,0,1,1,1,0,0
"714",724,0,1,0,0,0,0,1,0,1,0,0,1,0,1,0,1,1,0,0,1,1,1,0,0,0
"715",774,1,1,1,0,1,0,0,1,1,1,0,1,1,1,1,0,0,1,1,0,1,0,0,0,0
"716",25,1,0,0,1,1,0,0,1,0,0,1,1,1,1,1,1,0,1,0,1,0,1,1,1,0
"717",542,1,0,0,NA,0,1,0,0,0,0,1,0,1,1,0,1,0,0,1,0,0,0,1,1,0
"718",1261,NA,1,0,1,1,0,0,0,1,0,0,0,1,1,0,0,1,0,1,0,NA,0,1,0,0
"719",164,0,1,0,0,1,1,1,0,0,1,1,1,0,1,0,0,1,0,0,1,1,1,0,0,1
"720",520,0,0,1,0,1,1,1,0,0,0,0,1,1,0,0,0,1,1,0,0,0,0,0,0,0
"721",667,0,NA,0,0,0,1,0,0,1,0,0,1,0,1,0,1,0,0,1,0,1,0,0,0,1
"722",40,1,1,1,0,0,0,0,1,1,1,0,1,0,0,0,1,1,1,0,0,0,0,1,1,0
"723",247,0,1,0,0,1,1,1,0,1,1,1,1,0,1,0,0,NA,0,0,1,0,0,1,1,1
"724",598,0,1,0,1,0,0,1,0,0,1,1,0,0,1,1,0,1,1,1,0,1,0,1,0,1
"725",840,0,0,0,1,1,0,0,0,0,0,0,0,1,1,1,0,0,0,0,1,NA,1,0,1,0
"726",277,0,0,0,0,1,0,0,0,0,0,0,1,0,0,1,1,0,0,0,1,0,0,1,1,0
"727",946,1,1,NA,0,1,1,1,0,1,0,0,0,0,0,1,0,0,0,1,0,0,1,1,0,1
"728",729,1,0,0,1,1,1,1,1,1,1,0,1,0,0,0,0,1,1,0,1,1,0,1,0,0
"729",821,1,0,1,0,1,1,1,1,1,0,1,1,0,0,1,0,0,0,1,0,0,0,1,0,1
"730",1069,0,0,1,1,1,1,0,1,1,1,0,0,0,1,1,1,0,1,1,1,1,0,1,0,0
"731",1034,1,1,1,0,0,0,1,0,1,0,1,1,0,0,1,1,0,0,1,1,1,0,1,0,0
"732",695,0,0,1,1,0,0,1,1,0,1,1,0,1,0,1,0,1,0,1,1,0,1,0,0,0
"733",834,1,1,1,1,0,1,0,0,1,0,0,0,0,0,0,0,0,0,0,1,0,0,1,1,1
"734",918,0,0,0,1,1,1,1,1,1,0,0,1,0,0,0,1,0,0,0,1,0,0,1,1,1
"735",15,1,0,0,1,0,1,1,1,0,1,1,0,0,0,1,1,1,1,0,1,0,0,0,0,0
"736",411,1,1,0,0,0,1,0,1,0,0,1,0,1,0,1,1,0,0,0,0,0,0,0,0,0
"737",735,1,1,0,1,1,1,1,0,1,0,0,1,0,1,0,1,0,0,1,1,1,1,1,0,0
"738",125,1,0,1,0,0,0,0,1,0,1,0,1,0,1,0,1,1,1,1,0,0,0,1,1,1
"739",348,0,1,1,0,1,1,0,0,1,1,0,1,0,1,1,0,0,0,1,1,0,1,1,1,1
"740",714,0,0,0,0,0,0,0,0,0,1,1,1,0,1,0,1,0,1,1,1,0,0,1,1,1
"741",589,0,1,1,1,1,0,0,0,1,0,0,0,0,0,0,1,1,0,1,0,0,1,0,0,1
"742",479,1,1,0,1,0,0,1,0,1,0,1,0,0,1,0,0,1,0,1,1,0,0,0,1,1
"743",475,1,1,0,0,0,0,0,1,0,1,0,0,1,1,1,1,1,1,0,1,1,1,0,0,0
"744",1027,0,1,0,1,1,0,0,0,0,1,0,1,0,1,0,1,1,1,0,0,1,1,0,0,0
"745",1363,0,1,0,1,1,0,0,1,0,1,1,0,1,1,0,0,0,1,0,1,1,0,0,0,0
"746",813,1,0,1,0,0,1,1,1,0,0,0,0,1,0,0,1,0,0,0,1,1,0,1,0,1
"747",1098,0,1,1,1,1,0,0,1,0,0,1,0,0,1,0,1,1,1,1,0,1,1,0,1,1
"748",1114,0,1,1,0,1,0,0,1,0,0,1,0,0,1,0,0,1,0,1,0,1,1,0,1,1
"749",850,0,0,0,0,1,1,0,0,0,0,1,0,1,1,1,0,0,1,0,0,0,0,1,0,1
"750",404,0,1,1,1,0,0,0,0,0,0,0,0,1,1,0,0,1,1,0,1,1,0,1,1,0
"751",610,0,1,0,0,1,1,1,0,0,0,1,0,1,1,1,0,0,1,1,0,1,0,1,0,0
"752",1214,1,0,0,0,0,1,0,1,1,0,1,1,0,0,1,0,1,0,1,1,0,1,1,1,1
"753",691,1,0,0,0,1,0,0,0,0,0,1,1,1,0,1,0,1,1,1,0,0,1,0,0,1
"754",912,1,1,0,1,1,0,1,1,0,1,1,0,1,0,1,0,1,0,1,0,NA,1,1,0,1
"755",687,1,1,0,1,0,1,1,0,0,0,1,0,1,0,1,0,0,0,0,1,1,0,0,0,0
"756",950,1,0,1,0,0,1,1,1,1,0,0,0,1,0,0,1,1,0,0,1,0,0,0,0,1
"757",1161,NA,1,1,0,0,1,1,0,0,0,0,0,1,0,1,0,0,0,0,0,0,1,0,1,1
"758",786,0,1,0,1,1,1,0,0,1,1,0,0,1,1,0,1,1,0,0,0,0,0,1,0,1
"759",534,1,0,1,1,0,1,1,1,1,0,0,0,0,0,1,1,1,1,0,1,1,0,0,1,0
"760",298,1,0,0,NA,0,0,1,0,1,0,0,1,0,0,0,1,0,0,1,0,0,0,0,1,0
"761",1024,1,0,0,1,1,0,0,0,1,0,1,0,1,0,0,1,1,1,1,0,0,0,1,0,1
"762",358,1,1,1,0,0,0,0,0,1,0,NA,1,0,0,1,1,0,1,1,1,1,0,0,0,1
"763",555,1,1,1,0,0,1,0,1,0,1,0,1,0,1,0,0,1,0,1,0,0,1,1,0,0
"764",264,1,0,0,1,1,1,0,1,0,1,0,1,1,1,1,0,1,0,0,0,1,1,0,1,1
"765",934,0,1,1,0,0,0,0,1,1,1,1,1,0,0,0,1,0,0,0,0,0,1,NA,0,0
"766",1275,1,1,0,1,1,1,0,0,1,0,0,0,1,0,1,1,0,0,0,0,0,0,0,1,0
"767",485,1,0,0,0,0,1,1,0,0,0,0,0,0,1,0,1,0,1,1,0,1,0,1,0,0
"768",1159,0,1,0,1,1,1,1,0,0,0,0,0,1,1,0,1,1,1,0,0,0,0,1,1,0
"769",478,0,1,0,1,1,0,0,1,0,1,1,0,1,0,1,0,0,0,1,1,1,0,0,1,0
"770",933,0,1,0,0,1,0,0,0,0,0,0,1,1,1,1,1,1,1,1,1,1,1,1,0,1
"771",936,1,1,0,1,1,0,1,0,1,0,1,1,0,0,0,1,0,1,1,1,0,1,0,0,0
"772",455,0,1,1,0,0,1,0,1,0,0,1,NA,0,0,1,1,1,1,1,0,1,0,0,1,0
"773",1125,0,1,1,0,1,1,0,1,0,0,0,0,1,0,1,0,0,1,1,1,0,1,0,1,0
"774",806,1,0,1,NA,1,1,0,0,1,0,NA,1,1,0,1,1,0,1,1,0,1,0,0,0,0
"775",262,0,0,0,1,1,0,1,0,1,1,0,0,0,0,0,1,0,0,0,1,0,1,0,1,0
"776",943,1,NA,0,0,1,1,1,1,0,1,0,1,1,1,1,0,1,1,1,0,0,1,1,0,0
"777",1391,0,0,0,1,1,1,1,0,0,0,1,1,0,0,1,0,0,1,0,1,1,0,1,1,0
"778",1353,1,0,0,0,0,1,0,1,1,1,0,0,1,1,0,1,1,0,1,0,0,0,1,1,1
"779",1202,0,1,1,1,0,0,1,1,0,1,1,0,1,1,1,1,1,0,1,0,0,0,1,1,1
"780",516,0,0,0,0,0,0,1,1,1,1,1,0,0,1,0,0,1,1,1,1,0,0,0,0,0
"781",144,0,1,1,1,1,1,0,1,0,0,1,1,0,0,0,0,1,0,0,0,0,1,1,1,1
"782",137,0,1,0,1,1,0,0,1,1,1,0,0,0,1,0,0,0,1,0,1,1,1,0,1,1
"783",1086,0,0,0,1,0,0,1,0,1,0,0,0,1,1,0,0,0,0,0,0,1,0,0,0,1
"784",1155,0,1,0,1,0,1,0,1,1,1,1,1,0,1,1,1,0,0,1,1,0,1,0,0,0
"785",1359,0,1,0,0,1,0,1,1,1,1,1,0,0,1,1,1,1,1,1,1,0,0,0,1,0
"786",1135,0,1,0,1,1,0,1,1,0,1,0,0,1,0,1,1,1,0,0,1,1,0,1,1,1
"787",494,1,1,1,0,1,0,1,1,0,1,0,0,0,0,0,0,0,1,0,0,0,1,0,0,0
"788",510,1,0,0,0,0,1,0,0,1,1,1,1,0,0,0,0,1,1,1,0,1,1,0,1,1
"789",1305,0,1,0,0,0,0,1,0,1,1,NA,1,1,1,0,1,0,1,0,0,1,0,0,0,1
"790",1151,1,1,1,1,1,1,0,1,0,0,1,0,0,1,1,0,1,1,1,0,0,1,0,0,0
"791",301,0,1,0,NA,1,0,1,1,1,1,1,NA,1,0,1,1,1,1,1,0,1,1,1,1,0
"792",356,0,1,1,0,1,1,0,0,1,0,1,0,0,0,0,1,0,0,0,1,1,1,1,1,0
"793",1117,0,1,1,1,0,1,0,1,1,1,1,1,0,1,0,1,1,1,0,1,0,1,0,1,0
"794",891,0,0,0,0,1,1,0,1,0,1,0,1,0,1,1,0,0,0,0,1,0,0,0,0,0
"795",1187,0,1,0,0,0,0,1,0,0,1,1,0,0,1,1,0,1,0,1,0,1,0,0,0,1
"796",670,0,0,1,0,1,0,1,0,1,1,0,NA,0,0,0,1,0,1,0,0,0,1,0,0,1
"797",1032,1,1,0,1,0,1,0,0,1,1,1,0,0,1,1,1,0,1,1,0,1,1,0,1,1
"798",614,0,1,0,0,0,1,1,1,1,0,1,0,0,0,1,0,1,1,1,0,1,1,0,1,0
"799",540,0,0,1,1,0,0,0,0,0,1,1,0,0,0,0,1,0,1,1,0,0,0,1,0,1
"800",1373,1,1,1,1,1,1,1,1,1,0,0,0,0,1,0,0,0,1,1,1,1,0,0,0,0
"801",1050,0,1,0,0,0,0,0,1,0,1,1,1,0,1,0,1,1,1,1,1,0,1,1,1,0
"802",63,1,0,0,1,1,1,1,0,0,1,1,0,0,0,1,0,0,1,0,1,0,0,1,0,0
"803",741,0,1,1,1,1,1,1,1,0,1,0,0,1,1,0,0,NA,0,0,0,0,1,1,1,0
"804",50,1,1,1,0,1,1,0,1,1,1,1,1,1,0,0,1,0,0,1,0,1,1,1,0,1
"805",286,1,0,0,0,0,0,1,1,0,1,1,0,1,1,1,1,0,0,1,1,1,0,1,1,0
"806",789,0,0,1,0,1,1,1,1,1,0,0,1,0,1,0,0,1,0,1,0,0,1,1,0,1
"807",577,0,0,0,1,1,0,0,0,0,0,1,1,0,0,1,1,1,1,1,1,0,1,1,0,1
"808",592,0,0,0,1,0,1,0,1,0,1,0,0,0,0,1,0,1,1,0,0,0,1,1,0,1
"809",46,0,0,1,1,1,0,1,0,0,1,1,0,0,0,1,0,1,1,1,1,1,1,0,1,0
"810",1223,0,1,1,1,1,1,1,0,0,1,1,1,1,1,0,1,0,0,1,0,1,1,0,1,1
"811",585,0,0,1,0,0,1,0,1,0,1,1,0,1,0,0,0,0,1,1,1,0,1,1,1,1
"812",922,1,1,1,0,1,1,0,0,1,1,1,0,1,1,0,1,1,0,1,0,1,1,1,1,0
"813",1077,0,0,0,0,1,0,1,0,1,1,1,NA,1,1,0,1,0,1,0,0,0,0,0,0,1
"814",352,0,0,0,0,1,1,1,1,1,0,1,1,0,0,1,1,0,0,0,0,1,1,0,1,1
"815",1160,0,0,1,0,0,0,1,1,1,0,0,1,1,0,0,0,1,0,0,0,0,1,0,0,NA
"816",631,1,1,1,NA,1,1,0,0,1,0,1,0,0,0,0,0,1,0,0,0,0,0,1,1,1
"817",1058,1,1,1,0,0,1,0,1,1,0,1,0,0,0,0,0,0,0,0,1,0,1,1,0,0
"818",1016,0,0,1,0,0,0,0,0,1,1,1,0,0,1,0,0,1,0,1,0,0,0,0,1,0
"819",86,0,NA,1,1,0,0,0,0,0,1,1,0,1,1,1,1,0,0,0,0,0,1,0,0,1
"820",654,0,0,1,1,1,1,1,1,1,0,1,1,0,0,1,0,1,0,0,1,1,1,0,1,1
"821",389,0,0,1,1,1,0,1,1,0,1,1,1,0,1,1,1,1,1,1,0,0,1,1,0,0
"822",1002,1,1,1,0,1,0,1,0,0,1,0,0,0,0,1,1,1,1,0,1,1,1,1,0,1
"823",16,0,1,1,0,0,1,0,0,1,0,0,0,0,0,0,1,1,0,1,1,1,0,0,1,1
"824",748,1,1,0,1,1,1,1,0,0,1,0,1,0,1,0,0,1,1,1,1,1,0,0,0,1
"825",898,0,0,0,1,0,1,0,1,0,1,0,1,1,1,0,1,1,0,1,0,1,0,0,1,0
"826",554,0,1,NA,0,0,0,1,1,1,1,1,NA,1,0,0,0,0,1,1,1,0,1,1,0,0
"827",538,1,1,1,0,0,0,1,0,0,0,1,1,1,0,1,1,0,1,0,1,1,1,NA,1,0
"828",12,1,1,0,0,1,0,0,1,0,0,0,1,0,1,0,0,0,1,0,0,1,1,0,0,0
"829",184,0,1,1,1,0,0,1,0,1,0,0,1,1,0,1,0,0,0,1,0,1,0,1,0,0
"830",861,1,1,0,1,1,1,1,0,0,0,0,1,1,0,0,0,0,1,1,1,1,0,0,0,0
"831",778,0,0,0,1,1,1,0,1,1,1,1,0,1,0,0,1,0,0,0,1,0,1,1,1,0
"832",1302,1,1,0,0,1,0,1,0,1,0,0,1,0,1,1,1,NA,0,0,0,0,0,0,0,0
"833",1357,0,1,1,0,1,0,1,1,1,0,0,1,0,1,0,1,1,1,0,0,0,0,0,1,1
"834",1339,0,0,1,1,0,0,1,1,1,0,0,0,0,0,0,0,0,1,0,1,1,0,1,0,0
"835",217,NA,1,0,0,1,0,1,0,1,0,0,0,0,0,0,0,1,0,1,1,0,1,NA,1,1
"836",1244,0,0,0,0,0,0,1,0,1,1,0,1,0,1,0,0,0,0,0,1,0,1,0,1,0
"837",826,0,0,1,0,1,0,1,0,0,1,1,1,0,0,0,1,1,0,0,1,0,1,1,0,1
"838",879,1,1,0,0,1,0,1,1,1,0,1,0,0,1,1,0,0,1,0,1,0,0,NA,1,1
"839",1082,0,0,1,1,1,1,0,1,1,1,1,0,0,1,0,1,0,1,0,1,1,0,1,1,0
"840",1326,0,0,0,1,1,1,1,0,1,0,1,0,1,0,1,0,NA,0,1,1,0,0,0,1,1
"841",44,0,1,0,0,0,0,0,0,0,0,1,1,0,0,0,0,1,0,0,1,0,1,0,0,1
"842",199,0,0,1,1,1,0,1,1,1,0,0,1,0,0,1,0,1,0,0,0,1,1,1,1,0
"843",1100,0,0,0,1,0,0,1,0,1,0,1,0,0,1,1,0,0,1,0,1,1,0,0,0,1
"844",535,1,0,0,0,1,0,1,1,0,1,0,1,0,0,1,1,1,0,1,1,0,0,0,1,0
"845",1068,0,1,0,1,1,0,0,1,1,1,0,0,0,0,1,1,0,1,1,1,1,1,NA,0,0
"846",107,1,1,1,0,1,0,1,1,0,0,0,0,0,1,0,0,1,1,1,1,0,1,0,0,1
"847",625,0,1,1,0,1,0,0,0,1,1,1,1,1,0,1,0,1,1,0,1,0,1,1,0,0
"848",1013,0,1,0,0,1,1,0,1,0,0,0,0,0,0,1,1,0,0,0,0,0,0,1,1,0
"849",424,1,0,0,1,1,0,0,1,1,0,1,0,1,0,0,0,1,1,0,0,0,0,0,0,1
"850",657,1,0,1,1,1,1,0,0,1,1,1,0,0,0,0,1,1,0,1,1,0,1,NA,0,0
"851",64,1,1,1,0,0,0,1,1,1,0,0,0,1,1,0,0,1,1,1,0,0,1,1,1,1
"852",401,0,0,1,0,1,1,0,1,0,0,0,0,0,1,1,0,0,1,1,1,1,0,1,0,0
"853",648,1,0,1,1,1,0,0,1,0,1,NA,0,0,0,0,1,0,1,1,1,0,0,1,0,0
"854",426,1,0,1,0,1,1,0,1,1,0,0,0,0,1,0,0,1,1,0,0,0,1,0,0,1
"855",1105,1,0,1,0,0,1,1,1,1,0,1,0,1,0,1,0,1,0,0,1,0,0,1,1,0
"856",1311,0,0,0,1,0,0,1,0,1,0,0,0,0,1,1,1,0,0,1,0,0,1,0,0,NA
"857",158,1,1,1,0,0,0,0,1,0,1,0,0,1,0,1,1,0,0,1,0,1,1,1,1,1
"858",509,1,1,1,0,0,0,0,1,0,1,0,1,1,1,1,1,0,0,0,0,1,0,1,1,1
"859",548,1,0,1,0,1,1,0,1,1,1,1,1,1,1,1,0,1,1,1,0,1,0,0,0,NA
"860",928,0,1,1,1,1,1,1,0,1,0,0,1,0,1,0,1,1,0,0,0,0,0,0,0,1
"861",450,1,0,1,1,0,0,1,1,1,1,0,0,0,1,1,1,0,0,0,1,0,1,1,1,0
"862",29,1,1,0,NA,1,1,0,0,1,0,0,NA,0,1,0,0,1,0,1,1,0,1,1,1,0
"863",163,0,0,1,1,1,0,0,0,0,1,0,0,1,0,1,1,1,1,1,0,1,1,1,0,0
"864",472,0,1,1,1,0,1,1,0,1,1,0,0,1,0,0,0,0,1,1,0,0,1,0,0,0
"865",185,0,0,1,0,1,0,0,0,0,0,0,1,1,1,1,1,0,0,1,0,1,0,1,1,1
"866",294,1,0,1,1,1,0,0,1,0,0,1,1,1,1,0,0,1,1,0,1,1,0,1,1,0
"867",1093,0,1,1,1,1,0,0,0,1,1,1,1,1,0,1,1,1,1,0,0,0,1,1,0,0
"868",990,0,0,0,1,1,0,1,0,1,0,NA,1,0,0,0,1,1,1,0,1,1,1,1,0,1
"869",437,1,0,1,1,0,1,0,0,0,1,0,0,1,0,1,0,1,0,0,1,0,0,1,0,1
"870",1044,0,0,1,1,0,1,0,0,0,0,0,1,0,0,1,0,0,1,0,0,1,0,0,1,1
"871",707,1,0,0,1,0,1,1,0,1,1,1,0,0,1,0,1,0,1,0,0,1,1,NA,0,1
"872",334,1,1,1,0,0,1,0,0,0,0,0,1,1,0,1,0,0,1,0,1,0,1,1,0,1
"873",1008,0,0,0,1,0,0,0,1,1,1,NA,1,1,1,1,1,0,1,1,0,1,1,0,1,1
"874",193,1,0,0,1,0,0,1,1,1,0,1,0,0,1,0,1,0,1,0,0,0,1,0,0,0
"875",1346,0,0,1,0,0,1,1,0,0,1,1,1,0,1,0,0,0,0,1,1,1,1,NA,0,0
"876",560,1,1,1,0,0,0,0,1,0,1,0,1,0,1,1,0,0,1,1,0,0,0,1,0,1
"877",1104,0,1,0,0,0,0,0,0,0,1,0,1,0,0,0,1,1,1,1,1,1,0,1,1,1
"878",495,0,1,0,1,1,0,0,1,0,0,1,1,1,0,0,0,0,1,1,1,1,1,0,0,0
"879",1307,1,1,0,0,0,1,0,0,1,0,0,0,1,0,0,0,0,0,0,1,1,1,1,0,1
"880",763,NA,1,1,0,0,0,1,1,1,0,0,1,1,0,1,1,1,0,1,1,1,0,0,0,1
"881",84,0,1,0,1,1,0,1,0,1,1,1,0,1,1,0,1,0,1,0,0,0,1,1,0,0
"882",457,1,1,1,1,0,1,0,1,1,1,0,0,1,1,1,0,1,0,0,1,1,1,0,1,1
"883",1107,1,1,0,0,0,0,1,1,1,1,0,0,1,1,1,1,1,0,0,1,1,1,0,1,1
"884",1139,0,0,1,1,1,0,0,1,1,0,0,1,1,0,1,0,1,0,0,0,1,1,1,0,0
"885",566,1,1,1,1,1,0,1,0,0,0,1,1,0,0,0,0,1,1,0,0,1,0,0,0,0
"886",1154,0,0,1,1,1,0,0,1,0,0,0,1,1,0,1,1,0,1,1,1,0,1,0,0,0
"887",1194,1,1,1,1,1,1,0,0,0,1,0,0,0,1,0,1,1,1,0,1,0,1,0,1,1
"888",1040,1,1,1,0,1,0,1,0,1,1,1,0,0,0,0,0,1,1,0,0,1,1,1,1,1
"889",1361,0,0,0,0,1,0,0,0,0,1,NA,1,1,0,0,1,1,0,1,1,0,0,1,0,1
"890",115,1,0,1,0,1,0,1,0,0,1,0,0,0,1,0,1,1,0,0,1,0,1,0,0,0
"891",178,NA,0,0,1,1,0,0,1,1,0,1,1,1,0,1,1,0,0,0,0,1,1,1,1,1
"892",1084,1,0,0,1,0,1,0,0,0,1,0,1,0,1,1,0,0,1,1,0,0,0,0,0,1
"893",1196,0,1,0,0,0,0,1,1,0,0,1,0,0,1,1,0,1,0,0,0,1,1,1,1,1
"894",550,0,1,1,1,1,0,0,1,0,1,0,0,0,0,1,1,0,0,1,1,1,1,0,0,0
"895",637,0,0,1,0,0,0,1,0,0,1,0,NA,1,1,0,0,1,0,1,1,0,1,1,0,1
"896",1192,0,1,0,1,0,1,1,0,1,1,1,0,0,0,1,0,1,0,1,0,0,0,0,1,1
"897",645,0,0,1,1,0,1,0,1,1,0,0,0,1,0,1,0,0,1,1,0,0,1,0,0,1
"898",857,0,0,0,0,1,1,1,0,1,1,0,1,0,0,0,1,1,0,0,0,NA,0,1,1,1
"899",339,1,0,0,1,0,1,1,1,1,0,1,1,1,0,1,0,1,0,1,1,0,0,0,1,1
"900",1176,NA,0,1,0,1,1,0,1,0,1,1,1,1,1,1,0,0,1,1,0,1,1,1,1,0
"901",539,0,1,NA,0,1,0,0,1,0,1,0,0,0,1,0,0,0,1,0,1,0,0,1,1,0
"902",1229,1,0,0,0,1,1,1,1,1,0,1,0,0,0,0,0,0,0,1,1,1,0,1,0,1
"903",208,0,1,0,0,0,1,0,1,0,1,1,1,1,0,0,1,0,0,0,0,0,1,0,1,0
"904",1094,1,1,1,1,0,0,0,1,1,0,0,0,0,0,1,0,1,0,0,0,0,0,1,0,1
"905",365,0,1,0,0,0,1,1,0,0,1,1,1,0,1,0,1,0,1,1,1,0,1,0,0,1
"906",1163,1,1,0,1,1,1,0,1,1,1,0,0,1,1,0,0,0,1,0,1,1,0,0,0,0
"907",1075,1,1,0,0,1,0,1,1,1,1,1,0,0,0,1,0,1,1,1,0,0,0,0,0,0
"908",1097,1,0,1,1,1,1,0,0,1,0,1,0,1,0,1,0,NA,0,0,1,0,0,0,0,0
"909",120,0,1,0,1,1,1,0,0,1,0,1,0,1,1,1,0,1,1,1,0,1,0,1,1,0
"910",1312,0,0,0,0,0,1,0,1,0,0,1,1,1,1,0,1,0,1,1,1,1,1,0,0,1
"911",1074,0,1,1,1,0,1,0,0,0,0,0,0,1,0,1,0,1,0,0,0,1,1,0,1,NA
"912",1259,0,0,0,1,0,0,1,0,1,1,1,1,1,0,1,0,0,0,1,0,0,0,0,0,0
"913",110,1,0,1,1,0,0,0,1,0,1,0,0,0,1,0,1,1,1,0,0,0,0,1,1,1
"914",780,NA,1,1,1,0,1,1,0,0,0,1,1,1,0,1,1,1,1,0,0,1,0,0,1,0
"915",378,1,0,0,1,0,0,1,1,0,0,0,0,1,0,0,0,1,1,1,1,1,1,1,1,0
"916",1220,1,1,0,1,0,0,0,1,0,0,0,1,0,0,0,0,1,0,1,1,1,1,1,0,1
"917",999,1,0,1,0,1,1,1,1,1,1,0,0,1,0,1,1,0,1,1,1,0,0,1,0,1
"918",1122,1,0,0,NA,0,1,0,1,1,1,0,0,0,0,1,1,1,0,1,0,0,1,1,0,0
"919",1284,0,0,1,1,0,0,0,1,1,1,1,0,1,1,1,1,0,1,0,1,1,1,0,1,0
"920",968,0,1,0,0,1,0,1,1,1,1,1,1,0,0,0,0,0,1,1,0,1,1,0,1,0
"921",367,0,0,1,1,1,0,1,1,0,1,1,0,1,0,0,1,1,1,0,1,0,1,0,1,0
"922",552,NA,0,1,0,1,0,1,1,1,1,0,NA,1,1,0,0,1,0,1,0,0,1,0,0,0
"923",775,0,0,0,0,0,1,1,0,0,0,1,1,0,0,0,1,1,0,0,0,1,0,0,0,0
"924",1103,1,1,1,0,0,1,0,0,1,1,0,0,1,0,1,0,0,1,1,1,1,0,NA,1,0
"925",792,1,0,1,1,1,0,0,0,0,0,1,0,1,1,0,1,1,1,1,0,0,0,1,1,0
"926",1240,1,0,0,1,1,1,1,1,0,1,NA,1,0,1,0,0,1,1,1,0,0,1,1,1,1
"927",79,0,1,1,1,1,0,0,0,0,0,0,1,1,1,0,1,1,1,0,1,0,0,0,0,0
"928",65,1,1,0,0,1,1,1,1,0,0,1,0,1,1,1,1,0,1,0,1,1,0,1,0,0
"929",449,0,0,1,0,0,1,0,0,0,0,1,1,1,0,0,0,0,1,0,1,1,0,1,1,1
"930",145,0,0,1,NA,1,1,0,0,1,1,1,1,1,0,1,1,1,1,1,0,0,0,1,0,1
"931",462,0,1,1,0,1,1,0,1,1,0,1,0,1,0,1,0,1,1,1,1,1,1,0,1,0
"932",960,0,0,0,1,1,0,0,0,0,0,0,1,0,1,0,1,1,1,0,1,1,0,0,0,0
"933",905,0,1,1,0,0,1,1,0,1,0,1,1,0,0,1,1,1,0,0,1,1,1,1,1,1
"934",1081,0,0,1,1,0,0,1,1,1,0,1,1,0,0,1,0,1,0,0,1,1,1,0,0,1
"935",1321,0,1,1,1,1,1,0,1,0,1,0,1,1,1,0,0,1,1,1,0,0,1,1,0,0
"936",635,1,0,1,0,1,0,0,1,0,1,1,0,0,0,0,0,0,1,0,1,1,1,1,0,0
"937",1180,0,1,0,1,1,0,1,1,0,1,0,0,1,1,1,1,0,1,1,0,1,0,0,0,0
"938",416,0,0,1,0,0,1,1,1,0,1,1,0,1,0,1,0,0,0,1,1,1,0,0,0,1
"939",876,0,0,1,1,1,1,1,0,0,0,1,1,0,1,0,0,0,1,1,1,0,1,1,0,1
"940",261,0,NA,0,1,0,1,0,1,0,0,1,1,0,0,0,1,0,0,0,0,0,0,1,1,0
"941",705,0,0,1,1,0,0,0,0,0,0,1,NA,1,0,1,0,1,1,1,0,1,0,0,1,1
"942",421,1,0,0,0,0,1,1,0,0,0,1,0,1,0,1,1,0,1,1,1,0,1,0,1,1
"943",493,1,1,0,0,1,0,1,0,0,0,1,0,1,1,1,0,NA,0,1,1,1,1,1,1,0
"944",13,0,1,1,0,0,0,0,0,0,0,0,1,1,0,0,1,0,0,0,1,0,0,NA,0,1
"945",718,0,1,0,1,1,1,1,1,1,1,1,0,1,1,1,1,0,1,0,1,0,1,1,1,0
"946",1000,0,0,1,0,0,1,0,1,0,0,0,1,0,0,1,1,1,1,1,0,0,1,0,0,0
"947",1119,0,0,1,1,1,0,0,1,1,0,0,1,0,1,1,1,0,1,1,1,1,1,0,0,0
"948",330,1,0,0,0,0,1,0,0,1,0,1,0,1,0,1,1,1,0,0,0,0,1,0,1,0
"949",231,0,0,0,0,0,1,0,1,1,1,1,1,1,0,1,0,0,0,1,0,0,1,0,0,0
"950",1140,0,0,0,1,1,0,1,1,1,1,0,1,1,1,0,1,1,0,0,0,0,1,0,0,0
"951",742,0,0,1,0,1,1,1,1,1,1,0,1,0,1,0,1,0,1,1,1,0,1,0,1,0
"952",369,1,1,0,0,1,1,1,0,1,0,0,0,1,0,0,1,1,0,0,0,1,1,1,1,0
"953",1070,0,0,0,1,1,0,1,1,1,1,1,0,0,0,1,0,1,0,1,1,0,0,1,1,0
"954",752,1,0,0,1,0,0,1,0,1,1,0,1,1,1,1,1,0,1,0,0,0,0,0,0,0
"955",162,0,0,1,1,0,0,0,0,0,1,1,1,1,0,1,1,0,0,1,1,1,1,0,0,1
"956",19,1,1,1,1,1,1,1,1,0,1,1,0,0,0,1,0,1,0,0,1,0,0,1,1,1
"957",4,0,0,NA,1,0,0,0,1,0,0,1,0,0,0,1,0,1,1,1,1,1,0,0,1,0
"958",810,0,0,0,0,0,0,0,1,0,0,1,1,1,1,0,0,0,1,1,0,1,0,1,0,0
"959",119,1,1,1,1,1,0,0,1,1,1,0,1,0,1,1,1,1,1,0,1,0,1,1,0,1
"960",1354,0,1,1,0,1,1,0,1,1,1,0,0,0,0,0,0,0,1,0,1,1,1,0,1,0
"961",228,1,0,0,1,0,0,0,0,1,1,0,0,1,1,1,1,1,1,1,1,0,0,1,0,0
"962",1158,0,1,0,0,0,1,1,1,1,0,0,0,0,0,0,1,0,0,1,1,1,0,1,1,0
"963",359,1,0,1,0,1,0,0,1,1,0,0,1,1,1,0,1,0,1,1,0,1,0,1,1,0
"964",1147,1,0,0,1,1,0,1,1,0,0,1,1,1,1,1,0,1,0,0,0,1,0,1,1,1
"965",76,1,1,1,1,0,1,0,1,0,1,1,1,0,1,1,1,0,1,1,0,0,0,0,0,1
"966",156,1,1,0,0,1,1,1,1,1,0,1,0,1,1,1,1,0,0,1,0,1,0,1,1,0
"967",903,0,0,0,0,1,0,0,1,1,1,0,0,0,0,0,0,0,0,1,1,0,1,0,1,0
"968",1303,1,1,0,0,0,0,0,0,1,0,0,0,0,0,0,0,1,1,0,1,1,1,0,1,1
"969",100,1,0,0,1,1,0,1,1,0,1,1,1,1,1,1,0,1,1,0,0,1,0,1,0,1
"970",1021,1,1,1,1,1,0,1,0,1,0,1,1,1,1,1,0,1,1,0,0,NA,0,1,0,1
"971",139,0,0,0,1,0,0,0,0,1,1,1,0,0,0,0,0,0,1,1,0,0,0,1,0,0
"972",600,0,1,1,1,1,1,1,0,0,0,1,1,1,1,1,0,0,1,1,1,1,0,0,0,1
"973",147,0,1,0,1,1,0,1,1,1,1,1,1,1,1,1,1,1,0,1,1,0,0,1,0,1
"974",414,0,0,0,1,0,1,1,0,0,0,0,0,1,1,1,0,0,1,0,1,0,0,1,1,1
"975",467,1,1,1,NA,1,0,1,0,1,0,0,0,0,0,1,1,0,1,0,0,1,0,1,1,0
"976",1185,1,0,1,0,1,0,0,0,1,0,0,0,1,1,0,0,0,0,1,1,1,0,1,1,1
"977",192,0,0,0,0,1,0,0,0,0,1,1,1,0,0,1,1,1,1,0,1,1,0,1,0,0
"978",692,0,1,1,0,1,1,0,1,0,1,1,0,0,0,0,1,1,0,1,0,1,0,0,1,0
"979",700,1,0,0,1,1,1,0,1,1,1,1,1,0,0,0,1,1,0,1,0,0,1,1,1,0
"980",268,1,0,1,1,0,0,1,0,0,0,1,0,0,1,0,1,0,1,0,0,0,0,0,1,0
"981",114,1,1,1,1,1,1,1,1,1,0,0,0,0,0,1,0,0,0,0,0,1,0,1,1,0
"982",393,0,1,1,1,1,1,1,1,1,1,1,1,0,1,0,0,0,1,1,0,0,0,1,1,1
"983",825,0,1,NA,1,0,0,0,1,1,1,0,0,0,0,1,0,1,1,0,0,0,1,0,0,0
"984",273,0,1,1,0,1,1,0,0,0,0,1,0,0,1,1,1,0,0,1,0,1,1,1,0,0
"985",1333,0,1,1,1,1,1,0,0,0,0,0,1,0,0,1,0,0,1,0,0,0,1,0,1,1
"986",1039,1,0,0,1,0,0,1,0,0,0,0,0,1,0,0,1,0,1,1,0,1,1,0,0,0
"987",910,0,1,0,1,1,0,0,1,1,1,0,0,0,1,0,1,1,0,1,1,0,1,1,0,0
"988",1390,1,1,1,NA,0,1,1,0,0,0,0,0,1,0,0,1,0,1,0,1,0,0,0,1,1
"989",844,0,0,0,0,0,1,0,1,0,1,1,0,1,0,1,1,1,0,1,1,1,1,1,0,1
"990",361,0,0,1,0,1,1,0,1,0,0,1,0,0,1,0,1,1,0,0,1,1,1,0,0,0
"991",1131,0,1,0,0,1,1,0,0,0,0,1,0,1,0,0,1,0,0,0,0,1,1,0,0,0
"992",1072,0,1,0,1,1,1,1,1,1,0,0,1,1,1,0,0,1,1,1,0,0,0,1,1,1
"993",123,0,1,0,0,0,1,0,0,1,0,0,1,0,1,1,0,0,0,0,0,1,1,1,1,0
"994",1292,0,0,0,1,1,1,1,1,0,0,1,0,0,0,0,1,1,0,0,0,0,0,1,1,0
"995",818,1,0,1,0,1,1,0,1,0,1,1,0,1,0,0,1,0,1,1,0,0,0,1,0,1
"996",388,1,1,0,0,0,0,0,1,0,1,1,0,0,1,1,0,1,1,0,0,1,0,NA,0,0
"997",673,1,0,0,0,1,1,1,1,1,0,0,0,1,0,0,1,NA,0,0,0,1,0,0,1,1
"998",975,0,0,1,0,1,1,0,0,1,0,0,1,0,0,0,1,1,1,1,1,1,0,1,1,1
"999",219,1,0,0,0,0,0,1,0,1,0,1,0,0,0,1,0,1,1,1,1,0,1,1,0,1
"1000",961,0,0,0,0,1,1,1,1,0,1,0,1,0,1,1,0,0,0,0,1,0,1,0,1,1
"1001",523,0,0,0,0,1,1,1,1,1,0,0,1,1,0,1,0,NA,0,1,0,0,0,0,1,0
"1002",750,1,1,0,1,0,1,0,1,1,0,0,1,0,1,1,0,0,1,0,1,0,1,0,0,0
"1003",683,1,0,0,0,0,1,0,1,1,0,1,0,0,1,1,1,1,1,1,0,1,1,1,1,0
"1004",1301,1,0,1,0,1,0,0,0,1,1,0,1,1,1,1,1,0,1,0,1,0,1,1,0,0
"1005",174,0,1,0,1,1,1,1,1,1,0,1,0,0,1,0,1,0,1,1,0,NA,0,0,1,0
"1006",132,0,0,1,0,0,1,0,0,1,1,0,1,0,1,1,0,1,1,1,0,1,0,1,1,0
"1007",99,1,1,1,0,1,0,0,1,1,1,1,1,1,0,1,0,0,1,1,0,1,0,1,0,1
"1008",1078,1,1,1,1,1,1,1,0,0,1,0,1,0,0,1,1,0,0,0,1,0,0,0,0,1
"1009",753,1,1,0,1,1,1,1,0,0,0,1,0,1,0,1,0,NA,0,1,0,1,0,1,1,0
"1010",784,1,1,0,1,0,0,1,0,0,0,1,1,0,0,0,0,1,1,1,1,1,1,0,1,0
"1011",800,0,1,1,0,0,1,1,0,0,0,NA,0,1,0,1,1,1,0,1,0,1,1,1,1,0
"1012",725,1,NA,0,0,0,1,1,1,1,0,1,1,1,0,0,0,0,1,0,1,1,1,0,0,1
"1013",822,NA,0,1,1,1,0,0,0,1,0,0,0,1,1,1,1,1,1,0,0,1,1,1,0,0
"1014",323,1,0,0,1,1,1,0,1,1,1,1,1,1,0,1,1,0,0,0,0,0,0,1,1,1
"1015",371,1,1,NA,1,1,1,0,1,0,0,1,1,1,1,0,1,1,0,1,0,0,1,1,1,1
"1016",1200,1,0,1,0,1,1,0,1,0,0,0,1,1,0,0,1,NA,0,0,0,1,1,1,0,0
"1017",805,1,1,0,1,1,0,1,0,0,0,1,1,1,0,0,0,1,0,1,1,1,1,1,0,1
"1018",1235,0,1,1,1,0,1,0,1,1,1,0,1,0,0,1,1,0,0,1,0,0,1,1,1,1
"1019",1376,0,0,0,1,1,0,1,1,1,1,0,0,1,0,0,0,0,1,0,0,0,0,0,0,0
"1020",419,0,1,0,0,0,0,1,1,0,0,0,0,0,0,1,1,1,0,0,1,0,1,1,0,1
"1021",758,0,1,1,0,1,0,0,1,0,1,0,0,0,1,1,1,1,1,0,1,1,0,1,1,0
"1022",377,0,0,0,1,1,1,0,0,0,1,0,0,0,0,0,0,1,1,1,0,0,0,1,1,0
"1023",573,1,1,0,0,1,1,0,0,0,0,1,0,1,1,0,1,1,1,0,0,0,0,0,0,0
"1024",468,0,1,1,1,0,1,0,0,0,0,0,0,0,0,1,0,0,1,0,0,0,0,1,1,1
"1025",686,1,0,0,1,0,0,0,1,0,1,1,0,0,0,1,1,0,1,0,0,0,1,1,0,0
"1026",869,0,0,0,0,0,1,1,1,1,1,0,1,1,1,1,0,0,1,0,1,0,1,0,1,0
"1027",1079,1,1,0,0,1,1,1,0,0,0,1,1,0,1,0,1,0,0,1,1,0,0,0,0,1
"1028",48,1,1,1,1,1,0,1,0,0,1,1,0,1,1,0,0,NA,1,1,1,0,0,1,1,0
"1029",653,0,1,0,0,1,0,0,1,0,1,0,1,0,1,0,0,1,0,0,0,0,1,0,0,1
"1030",43,0,0,1,0,1,0,1,0,1,1,0,0,0,0,0,1,1,1,1,0,0,0,1,0,0
"1031",210,0,0,0,0,1,0,0,1,0,1,1,1,1,1,1,1,0,1,0,0,1,0,1,0,1
"1032",1033,1,0,1,1,0,0,1,1,1,1,0,0,0,1,1,0,1,0,0,0,1,1,0,0,1
"1033",168,1,0,1,1,0,0,0,1,0,0,1,0,0,1,1,0,1,1,0,0,1,0,1,0,1
"1034",38,0,0,0,1,0,1,1,0,0,0,0,1,1,0,1,1,0,0,1,0,1,0,0,0,1
"1035",49,1,1,0,1,0,0,1,0,0,0,0,0,1,0,1,1,0,0,1,1,1,1,1,1,0
"1036",59,1,1,0,0,0,0,0,1,0,1,1,1,1,1,1,0,1,0,1,1,0,0,1,1,NA
"1037",1262,0,1,0,1,0,1,1,1,1,0,1,1,1,1,1,1,0,1,0,1,0,0,1,0,1
"1038",353,0,0,0,1,0,0,1,0,1,1,0,0,0,1,1,1,1,0,0,1,0,1,1,0,0
"1039",209,1,0,1,1,1,1,0,0,1,1,0,1,0,1,1,0,0,0,1,0,1,1,1,0,0
"1040",249,0,0,0,1,1,0,0,0,0,0,1,0,1,0,1,0,1,1,0,1,0,0,1,1,0
"1041",587,0,1,1,0,0,0,0,0,1,0,0,0,1,1,1,0,1,0,1,1,0,0,0,0,0
"1042",1370,0,0,1,0,0,0,0,1,1,0,0,0,1,1,1,1,0,1,1,0,0,1,0,1,0
"1043",1195,1,0,1,0,0,1,0,1,0,0,0,0,1,1,0,1,1,1,0,0,0,0,0,0,1
"1044",1368,0,0,1,0,1,0,1,1,0,1,0,0,1,0,1,0,1,0,1,1,0,0,0,0,1
"1045",237,0,0,0,1,0,1,1,1,0,1,0,1,1,1,1,0,1,1,1,1,1,0,1,0,1
"1046",926,0,0,0,1,0,0,0,0,0,0,0,1,1,1,1,0,0,1,1,1,1,0,0,1,0
"1047",1379,0,0,0,0,0,1,0,0,0,1,1,0,0,1,0,1,0,1,1,0,1,0,1,0,0
"1048",745,0,0,0,1,0,0,1,1,1,0,0,0,1,1,1,1,1,0,1,1,1,0,0,1,0
"1049",942,0,1,0,1,1,0,0,0,0,0,0,1,1,1,0,1,1,0,0,1,0,1,1,1,1
"1050",1216,0,1,1,0,0,0,0,0,0,1,1,0,0,0,0,1,0,0,1,0,0,1,1,1,0
"1051",992,1,0,1,0,1,1,1,0,0,0,0,1,0,1,0,0,0,1,0,1,0,0,1,1,0
"1052",60,1,1,0,0,1,0,1,0,0,0,1,1,1,0,1,1,1,1,1,1,1,0,1,1,1
"1053",154,1,1,0,1,0,1,1,1,0,0,0,1,1,0,1,0,0,1,1,1,1,0,1,1,1
"1054",1318,0,0,1,0,1,1,1,0,1,0,1,1,1,1,0,1,0,0,1,1,1,0,1,0,1
"1055",397,0,NA,1,1,0,0,0,1,1,1,1,0,1,0,0,0,0,1,0,1,1,1,1,0,0
"1056",387,1,0,1,0,0,0,1,0,0,0,0,1,0,0,1,1,1,1,1,1,0,1,1,1,0
"1057",935,0,1,0,1,1,1,1,0,1,1,0,0,1,0,1,1,1,0,0,1,1,0,0,1,1
"1058",1243,0,0,1,0,0,0,0,1,0,1,1,NA,1,1,1,1,0,0,0,1,1,1,1,0,0
"1059",1115,0,1,1,1,0,1,0,1,0,0,0,1,0,0,1,0,0,0,0,1,1,0,0,0,1
"1060",846,1,1,1,0,1,1,1,0,1,0,1,0,0,1,1,0,0,1,0,0,0,0,0,1,1
"1061",920,0,0,1,1,1,0,1,1,0,0,0,1,1,0,0,0,1,1,1,1,1,1,0,0,1
"1062",701,1,0,0,0,0,0,1,1,0,1,1,NA,0,0,0,1,0,1,0,0,1,0,1,0,0
"1063",796,0,0,0,0,0,1,0,1,0,1,0,0,1,1,1,0,0,0,0,0,1,0,1,1,0
"1064",955,1,0,0,NA,1,1,1,1,1,1,1,0,0,0,1,1,0,1,0,0,1,0,0,0,0
"1065",1209,0,0,1,0,1,0,1,1,1,0,0,1,0,1,1,1,1,1,1,0,1,1,1,1,0
"1066",23,0,1,1,1,0,1,1,1,1,0,0,1,0,0,0,0,0,0,0,0,0,0,1,0,0
"1067",681,0,0,0,1,1,0,0,0,0,0,0,0,1,0,0,1,1,0,0,0,NA,1,0,1,1
"1068",391,0,1,0,1,1,1,0,0,0,1,1,0,0,0,1,1,0,0,0,1,0,1,0,0,1
"1069",747,0,0,0,0,0,0,0,1,0,1,1,0,1,1,1,1,0,1,0,1,1,0,0,0,0
"1070",74,0,0,0,1,1,0,1,0,0,1,0,0,1,1,1,0,1,0,0,0,1,0,1,0,0
"1071",547,0,0,0,1,1,0,1,1,1,1,1,0,1,0,1,1,1,0,0,1,0,1,0,0,1
"1072",70,1,1,1,0,1,1,0,0,0,1,0,0,1,0,0,0,1,0,0,0,0,1,1,0,1
"1073",902,0,1,1,1,1,0,0,0,0,0,0,0,1,0,1,0,0,0,0,0,1,0,1,1,1
"1074",364,0,0,0,0,1,0,0,1,1,0,0,1,1,1,0,1,1,1,1,1,1,1,1,0,1
"1075",833,NA,0,1,1,0,0,0,1,1,1,1,1,1,1,1,1,0,1,0,0,1,0,1,0,1
"1076",17,0,1,0,0,0,1,0,1,1,1,1,0,1,0,0,0,1,1,0,0,0,0,0,0,0
"1077",10,0,0,1,1,1,1,1,0,1,1,1,1,0,1,0,0,1,0,1,0,1,0,1,1,0
"1078",187,1,0,0,1,0,0,1,1,1,0,0,0,1,1,1,0,0,0,0,1,1,1,0,1,0
"1079",200,1,1,0,1,0,0,0,1,1,1,1,0,1,0,1,0,1,0,0,1,1,0,0,1,1
"1080",111,1,0,1,1,1,1,1,0,1,1,0,0,1,0,1,1,1,0,1,0,0,0,0,1,0
"1081",1237,1,0,1,1,1,1,1,0,1,0,0,0,0,0,0,1,0,0,0,0,0,1,0,0,1
"1082",398,1,1,0,0,0,1,1,1,0,0,0,0,0,0,1,0,0,1,0,0,0,1,0,1,0
"1083",521,1,0,0,1,1,1,0,1,0,1,0,1,1,0,1,1,1,1,0,1,1,1,0,1,0
"1084",142,0,1,1,1,1,0,0,0,1,1,1,1,0,1,1,1,1,0,1,0,0,0,1,0,0
"1085",629,1,0,0,1,0,0,0,1,0,0,0,1,0,0,0,1,1,1,0,1,1,0,1,0,0
"1086",480,0,0,0,0,1,0,1,1,1,1,0,0,1,0,1,0,1,0,0,0,1,0,0,0,0
"1087",460,NA,1,0,1,0,0,0,0,0,1,0,1,0,1,1,0,1,1,1,1,1,0,1,0,0
"1088",319,0,1,0,1,0,0,1,1,0,1,0,1,1,0,0,0,0,1,1,0,0,0,0,0,0
"1089",1015,0,1,1,0,1,0,1,0,1,1,0,1,1,1,1,1,1,0,1,1,0,1,0,1,1
"1090",1385,0,NA,1,1,0,1,0,1,0,0,1,1,0,1,1,0,1,0,0,0,1,1,1,1,0
"1091",75,1,0,1,1,0,1,0,0,0,0,1,1,0,1,1,0,0,0,1,1,1,0,1,0,1
"1092",66,1,1,1,0,1,0,1,1,1,1,1,0,1,0,0,1,1,0,0,1,1,0,1,1,0
"1093",1295,0,0,0,0,0,0,0,1,1,1,0,0,0,1,0,1,0,1,1,0,0,0,0,0,1
"1094",1323,1,0,0,0,1,0,0,0,1,1,0,0,1,1,0,1,0,0,0,0,1,0,0,0,0
"1095",743,1,1,1,0,1,1,0,1,0,1,0,1,0,1,1,0,1,1,0,1,0,1,1,1,0
"1096",1394,0,0,1,0,1,1,0,0,1,1,1,0,1,0,1,1,1,1,0,0,0,0,1,0,1
"1097",1146,0,1,1,1,1,1,1,1,0,1,0,1,0,1,0,0,0,0,0,0,0,0,0,1,1
"1098",862,0,0,0,1,1,0,1,1,0,0,0,0,0,1,0,1,1,1,1,1,0,0,1,0,1
"1099",270,0,0,0,0,1,1,0,0,0,0,1,1,0,1,1,1,0,0,0,0,1,0,1,0,1
"1100",1338,0,1,1,1,1,1,1,1,1,0,0,1,1,0,1,0,1,0,0,0,0,1,0,0,0
"1101",965,0,0,0,0,0,1,0,1,0,1,0,1,1,0,0,0,0,1,0,1,1,1,1,1,0
"1102",26,1,0,0,1,0,1,0,1,1,1,0,0,0,0,0,0,1,0,0,1,0,0,1,0,0
"1103",957,1,1,0,1,0,0,1,1,0,1,0,0,0,1,0,0,1,0,1,1,1,1,1,0,1
"1104",6,0,0,0,0,0,1,1,0,1,1,1,1,1,1,0,0,0,1,0,1,0,1,1,1,0
"1105",794,1,1,0,0,0,1,1,1,1,0,1,1,0,1,0,0,1,0,1,0,0,1,1,1,1
"1106",112,0,1,1,0,0,1,1,0,1,0,0,0,0,0,0,1,0,1,1,1,0,1,1,0,0
"1107",155,1,1,0,1,1,0,1,0,0,0,1,0,0,1,0,1,0,1,1,1,1,0,0,1,1
"1108",1001,0,1,1,1,1,1,0,0,1,0,0,1,1,0,0,0,0,1,1,1,1,1,0,1,0
"1109",1396,0,1,0,1,0,0,0,0,0,0,0,0,1,1,0,1,0,0,0,0,1,0,1,1,0
"1110",379,NA,1,0,0,0,0,0,1,1,0,0,1,0,1,0,1,1,0,0,1,0,1,0,1,NA
"1111",1142,1,1,0,0,1,1,0,1,1,1,0,1,1,0,1,1,1,0,1,1,1,1,1,1,0
"1112",108,0,0,1,1,1,0,1,0,0,1,1,0,1,1,0,1,0,1,0,1,0,0,1,1,0
"1113",739,0,1,0,0,1,1,1,1,0,1,1,0,1,0,0,0,0,0,1,0,1,1,1,0,0
"1114",235,1,0,0,1,1,1,0,1,0,1,1,1,0,0,0,1,NA,1,0,0,1,1,0,0,1
"1115",606,0,1,1,1,0,1,0,1,0,0,0,0,0,1,0,1,1,1,1,1,1,0,0,1,0
"1116",1076,0,1,1,1,0,1,1,1,1,0,0,1,1,0,1,1,1,1,1,0,0,0,0,1,0
"1117",122,0,0,1,0,0,1,1,1,0,1,1,1,0,0,1,0,0,1,0,0,0,1,1,0,0
"1118",721,0,1,0,0,1,0,1,0,0,0,0,0,0,0,1,1,1,1,1,1,0,1,1,0,0
"1119",830,0,1,0,1,1,0,1,0,0,1,0,1,0,1,0,1,0,0,0,1,1,1,1,0,1
"1120",622,0,0,1,0,0,0,1,0,0,1,0,0,1,1,1,0,0,0,0,1,1,1,0,0,0
"1121",1239,1,0,1,1,1,0,1,1,0,1,0,0,0,1,1,0,0,0,1,0,1,0,1,1,1
"1122",646,1,1,1,0,1,0,1,0,0,0,0,1,1,0,1,1,1,1,0,0,0,0,0,1,1
"1123",904,1,1,1,0,1,0,1,0,0,0,1,1,0,0,0,0,1,1,1,1,0,0,1,1,1
"1124",1208,1,0,1,1,1,1,0,1,1,0,1,0,1,0,0,0,1,1,0,1,0,0,0,0,1
"1125",546,0,1,0,0,0,0,1,0,1,1,1,0,1,1,0,0,1,0,1,0,0,1,1,1,0
"1126",596,1,0,0,1,0,0,1,0,1,0,1,0,1,1,1,0,0,0,0,1,1,1,0,0,0
"1127",1177,1,1,1,0,0,1,0,0,0,1,1,1,1,0,0,1,1,0,0,0,0,1,1,1,1
"1128",1009,1,1,0,1,1,0,1,1,0,1,0,0,0,0,0,1,1,0,1,1,1,1,1,0,1
"1129",668,0,0,0,0,0,1,1,1,0,1,0,0,1,0,0,0,1,0,1,1,0,0,0,1,1
"1130",234,0,1,1,1,1,1,0,1,0,0,1,0,1,1,1,1,1,0,1,1,0,0,1,0,0
"1131",336,0,1,1,0,0,1,0,1,0,1,1,1,0,0,1,0,0,1,0,0,0,1,0,1,NA
"1132",801,1,1,0,1,1,1,0,1,1,0,1,1,1,1,1,1,1,1,1,0,1,0,0,1,1
"1133",303,0,1,0,0,1,0,1,0,0,1,1,0,1,0,0,0,1,0,1,0,0,1,0,0,0
"1134",944,0,0,0,0,0,1,0,1,1,0,1,0,0,0,0,0,NA,0,1,0,1,1,0,1,0
"1135",169,1,0,0,0,0,1,1,0,0,1,0,1,1,1,0,0,1,0,0,1,1,1,1,0,1
"1136",240,0,1,0,0,1,1,0,0,0,1,1,0,1,1,0,0,1,1,0,0,1,1,0,1,0
"1137",751,0,1,0,0,1,0,0,0,0,0,0,0,1,1,0,1,0,0,0,1,0,0,1,0,1
"1138",1236,0,0,1,0,0,1,0,0,1,0,0,1,1,1,1,1,1,0,0,1,0,0,1,0,0
"1139",310,1,0,0,1,0,0,1,1,0,1,0,1,0,0,1,1,0,0,0,1,0,0,1,1,1
"1140",762,1,0,0,1,1,1,1,0,0,0,1,1,1,0,1,1,0,1,0,1,0,1,0,1,1
"1141",501,1,0,1,0,0,0,0,1,1,0,1,1,0,0,0,0,0,1,0,0,1,1,1,0,1
"1142",383,1,1,0,0,0,1,0,1,1,0,0,1,0,1,0,0,1,1,1,0,1,1,1,0,0
"1143",1150,0,0,0,1,1,1,1,1,1,1,1,1,0,0,1,0,1,1,1,1,0,1,1,1,1
"1144",451,0,1,0,0,1,0,1,0,1,0,1,0,1,0,1,0,1,1,0,0,0,0,0,0,0
"1145",503,0,1,1,0,0,0,1,1,1,1,1,1,1,0,0,0,1,1,0,1,0,0,1,0,0
"1146",953,1,0,0,NA,0,1,0,1,1,1,1,0,1,1,0,0,NA,1,1,0,0,1,1,0,0
"1147",499,1,0,0,0,0,1,0,1,1,1,0,0,0,0,1,0,0,1,0,1,0,1,1,0,0
"1148",1096,1,0,0,0,1,1,0,1,0,1,0,0,0,0,0,0,0,0,1,1,1,1,1,1,1
"1149",980,0,0,0,1,1,1,0,1,0,0,1,0,1,0,0,0,1,1,0,1,0,0,0,0,0
"1150",101,0,1,0,0,0,1,1,1,0,1,1,1,1,1,0,0,1,1,0,1,1,0,0,1,1
"1151",1134,0,0,1,1,1,1,1,1,0,1,1,0,0,1,0,0,1,0,1,0,0,0,1,1,0
"1152",985,0,0,0,1,0,0,1,1,1,1,0,0,1,0,1,1,1,0,0,0,0,1,0,0,1
"1153",280,0,0,1,0,1,0,1,1,1,0,0,0,0,1,0,1,0,0,0,0,1,1,1,0,1
"1154",914,1,1,0,1,1,0,1,0,0,1,0,0,1,0,1,0,0,0,0,0,1,1,0,0,1
"1155",1061,0,0,0,0,0,1,1,0,1,0,0,1,0,1,1,0,1,1,0,1,1,0,1,0,0
"1156",456,1,1,0,1,0,0,1,1,0,0,1,1,0,0,0,1,0,0,1,0,0,1,1,0,0
"1157",988,0,0,1,1,1,0,1,0,1,1,0,1,1,0,1,0,0,1,0,1,1,1,0,0,0
"1158",1051,0,0,1,0,0,0,1,1,1,1,0,0,0,0,0,1,0,1,1,0,0,1,0,1,NA
"1159",1136,0,1,1,0,1,1,0,0,0,0,NA,1,1,0,1,1,0,1,1,0,1,1,0,0,1
"1160",1041,1,1,1,0,1,1,1,1,0,0,0,1,1,0,0,0,1,0,1,1,0,0,0,0,0
"1161",72,0,1,0,0,0,0,1,0,0,1,0,1,1,0,1,1,0,0,0,1,NA,1,0,1,1
"1162",458,0,NA,0,0,1,1,0,1,1,0,0,0,0,0,1,0,1,0,1,0,1,1,1,1,1
"1163",220,0,1,1,1,1,1,1,0,1,1,1,0,0,0,1,1,0,1,1,0,1,0,0,0,0
"1164",1095,0,1,0,0,0,0,1,1,1,1,0,0,0,1,0,1,0,1,0,0,1,0,0,1,1
"1165",1266,0,1,1,0,1,1,0,0,0,0,0,0,1,0,1,1,0,1,0,1,1,0,1,1,1
"1166",68,0,1,0,1,0,0,1,0,0,0,1,1,0,0,1,0,NA,0,1,1,0,0,1,1,1
"1167",1035,1,1,0,0,0,0,1,0,0,1,1,NA,1,0,1,0,1,0,1,0,1,1,0,0,0
"1168",203,0,1,1,0,1,1,0,0,1,1,0,1,1,0,1,1,0,0,1,0,0,0,1,0,1
"1169",484,0,1,0,1,0,0,0,0,0,0,1,0,0,1,1,0,0,1,1,0,0,0,1,1,0
"1170",1106,0,0,1,0,1,1,1,0,1,1,1,0,0,1,0,0,0,0,0,0,0,0,1,1,0
"1171",835,1,0,1,1,1,1,1,0,1,0,1,0,1,1,0,0,0,0,0,0,0,0,0,0,1
"1172",559,1,1,0,0,1,0,0,0,1,0,0,1,1,0,0,1,0,1,1,1,1,1,0,0,1
"1173",459,0,0,1,0,0,0,1,0,0,1,1,0,0,0,0,1,1,1,0,0,1,1,1,1,1
"1174",901,1,1,1,0,1,0,0,1,1,1,1,0,0,1,0,1,0,0,1,1,0,0,1,0,1
"1175",483,0,1,1,1,0,1,0,1,1,0,1,1,1,1,1,0,1,0,1,1,1,1,1,1,0
"1176",853,1,1,1,0,0,0,0,1,1,0,0,0,0,1,0,0,0,0,1,1,1,1,0,1,0
"1177",1388,1,0,0,1,1,1,1,0,0,0,1,0,1,0,0,1,0,1,1,1,1,1,0,1,0
"1178",146,1,1,1,0,0,1,1,0,0,0,1,0,0,1,1,0,1,0,0,0,0,1,1,1,1
"1179",845,0,0,0,0,1,0,1,1,1,1,0,1,0,0,0,1,1,0,1,0,1,1,1,0,1
"1180",354,1,1,0,0,1,1,0,0,0,0,0,0,0,1,1,1,0,0,1,0,0,1,0,0,1
"1181",1054,0,0,1,0,0,1,0,1,1,0,1,0,1,1,0,1,1,1,0,1,1,1,1,1,0
"1182",422,0,1,1,0,1,0,0,0,0,1,1,0,1,1,0,1,1,0,0,1,1,1,1,0,0
"1183",466,1,0,1,0,0,1,1,1,0,0,1,0,1,1,1,1,0,0,1,0,0,0,1,1,0
"1184",1393,0,1,1,0,0,0,0,1,0,0,1,0,0,0,0,1,1,0,0,0,0,0,0,0,0
"1185",993,0,0,1,0,1,1,0,1,1,1,1,1,1,0,0,0,1,1,1,1,0,0,0,0,1
"1186",558,0,0,1,1,0,1,1,1,1,1,0,0,1,1,1,0,1,1,1,0,1,1,0,1,0
"1187",633,1,0,1,1,0,1,0,0,0,1,0,1,0,1,1,0,1,1,1,0,0,0,1,1,1
"1188",1371,0,0,1,1,1,1,1,0,1,0,0,0,1,1,0,0,1,0,0,0,0,1,0,0,1
"1189",405,0,0,0,1,1,1,0,1,1,0,1,1,1,1,0,1,0,1,0,1,1,1,0,0,1
"1190",759,1,0,1,1,0,1,0,1,0,1,1,1,0,1,1,1,1,0,1,0,1,0,0,1,0
"1191",612,0,1,1,1,1,1,1,0,0,0,0,0,0,1,1,1,0,0,0,0,1,1,0,0,1
"1192",900,0,1,1,0,1,0,1,1,1,0,1,0,1,1,0,1,1,1,0,1,1,0,1,0,1
"1193",150,1,1,1,NA,1,0,1,0,1,0,1,0,1,0,0,0,1,0,1,0,1,1,0,0,0
"1194",574,0,0,0,1,1,1,0,1,0,1,1,0,1,1,1,1,1,1,0,1,1,0,1,0,1
"1195",295,1,0,0,0,1,1,1,0,0,0,0,1,1,0,1,1,1,0,0,0,0,1,1,0,0
"1196",1246,1,0,1,0,0,1,0,1,0,1,1,0,1,1,1,1,1,0,0,1,0,1,0,1,1
"1197",1375,1,0,0,0,0,0,0,0,0,1,1,1,0,1,1,1,0,0,0,1,0,1,1,0,0
"1198",198,1,1,1,1,0,1,1,0,1,0,0,1,1,1,1,1,1,1,0,1,1,0,1,0,1
"1199",1087,1,0,0,1,0,0,0,0,1,1,1,1,0,0,0,1,0,0,0,0,0,1,0,1,1
"1200",890,0,1,0,0,1,0,1,0,0,0,0,0,0,1,0,0,1,0,0,1,0,0,1,1,1
"1201",733,0,0,1,0,0,1,0,0,0,1,0,1,0,0,0,1,1,1,0,1,0,0,0,0,1
"1202",293,1,1,NA,1,1,1,0,0,0,0,1,0,0,0,1,0,0,0,0,0,1,0,0,1,0
"1203",1269,1,0,0,1,1,1,0,0,1,1,1,1,1,1,0,1,1,1,1,0,0,1,0,1,0
"1204",1127,0,1,1,1,0,0,1,1,0,0,1,1,0,0,1,0,1,0,1,0,1,0,0,1,1
"1205",916,1,0,1,1,1,0,1,0,1,1,1,0,1,0,1,0,0,1,0,0,1,1,0,0,0
"1206",124,0,0,1,1,1,1,0,1,0,1,1,1,0,1,0,1,0,1,0,0,1,0,1,0,1
"1207",639,1,0,1,1,0,0,1,0,1,0,1,NA,1,0,0,0,1,0,0,0,0,1,1,0,0
"1208",913,1,1,0,0,0,0,0,1,1,0,NA,0,1,0,1,0,0,1,0,1,0,1,0,0,1
"1209",311,1,1,0,0,1,0,1,1,0,1,1,0,1,0,0,0,1,0,1,0,1,0,1,0,0
"1210",317,1,0,1,1,1,0,1,1,1,0,1,1,0,1,0,1,0,1,1,1,0,0,0,0,1
"1211",274,1,0,0,0,1,1,1,0,0,1,0,NA,1,0,1,1,0,0,1,1,1,0,0,1,1
"1212",712,0,0,1,1,1,1,0,0,0,0,0,1,0,1,1,1,0,0,1,1,0,0,0,0,1
"1213",545,1,1,1,0,1,1,0,1,1,0,1,0,0,0,1,1,1,1,1,0,1,0,1,1,0
"1214",873,0,NA,1,0,1,1,1,0,0,1,1,1,1,1,0,1,0,0,0,1,1,0,0,1,1
"1215",251,0,1,0,0,0,1,0,0,0,0,0,1,1,1,0,1,1,1,0,1,1,0,1,0,0
"1216",194,1,NA,0,1,1,0,0,1,0,0,0,0,0,1,1,0,0,0,0,0,0,1,1,1,0
"1217",1287,0,1,1,1,0,1,0,1,0,1,0,0,1,1,1,1,1,1,1,1,0,1,0,1,1
"1218",1300,1,1,0,0,1,0,1,0,0,1,0,1,1,1,1,1,1,0,0,0,1,1,0,1,1
"1219",153,NA,0,0,1,1,0,0,1,0,1,1,1,0,1,0,1,1,0,1,0,1,1,0,1,1
"1220",69,0,1,1,1,0,1,0,1,0,0,0,0,0,1,0,1,0,1,1,1,1,0,0,0,1
"1221",1156,0,1,1,0,0,0,1,0,0,0,0,1,1,1,0,0,1,1,1,0,1,1,1,1,0
"1222",755,1,1,1,1,1,0,0,0,0,0,0,1,0,1,0,1,1,0,0,1,1,1,0,1,1
"1223",812,0,0,0,0,1,1,1,0,0,1,1,1,1,1,1,0,0,0,0,0,0,0,1,0,1
"1224",313,1,1,0,1,1,1,0,1,0,1,0,0,0,0,0,0,1,0,1,0,1,0,1,0,1
"1225",1112,0,0,1,1,0,1,0,0,0,1,1,1,1,1,1,1,1,0,1,0,0,0,1,0,1
"1226",94,0,1,1,1,1,1,1,0,0,1,1,0,1,1,0,0,0,0,1,0,0,0,1,0,1
"1227",817,0,0,1,0,1,1,0,1,0,0,1,0,1,0,0,1,NA,0,0,1,0,1,0,0,1
"1228",116,1,0,1,0,1,1,0,1,0,1,0,1,1,0,0,1,1,1,0,1,1,1,0,1,0
"1229",551,1,1,1,1,1,0,1,0,1,1,1,1,0,1,1,1,0,0,1,1,1,1,0,0,1
"1230",1026,1,1,0,1,0,0,0,0,1,1,0,1,1,1,0,1,1,1,1,1,0,0,1,0,1
"1231",828,1,0,0,0,0,1,1,0,1,1,1,1,1,1,0,0,0,0,1,1,1,1,1,1,1
"1232",1179,0,0,1,1,0,1,0,0,1,1,1,0,0,0,1,1,0,0,1,0,1,0,1,1,0
"1233",662,1,0,0,1,1,1,0,1,0,0,0,0,1,1,0,0,NA,1,1,0,0,0,1,0,0
"1234",221,0,1,0,1,0,1,0,0,1,0,0,1,1,1,1,1,0,1,1,0,0,1,0,0,0
"1235",966,0,1,0,1,1,0,0,0,0,1,1,1,0,1,1,0,0,0,0,0,0,0,1,1,1
"1236",764,NA,0,1,1,0,0,0,0,1,1,1,1,1,1,1,0,0,1,0,1,1,1,1,0,1
"1237",939,0,0,1,0,1,0,1,1,1,1,0,0,0,0,1,1,1,0,0,0,1,1,1,1,0
"1238",182,0,0,1,1,1,1,1,0,1,0,1,1,1,0,1,0,1,0,0,1,0,1,1,0,0
"1239",595,0,0,0,0,0,0,1,0,1,1,1,1,0,1,0,0,0,1,1,1,1,0,1,1,1
"1240",1349,1,1,0,0,1,1,0,1,0,1,0,0,1,1,0,0,0,0,1,0,1,0,0,0,0
"1241",1248,0,0,1,0,0,1,1,0,0,0,0,0,1,1,0,0,0,0,1,0,0,1,0,1,1
"1242",772,0,1,0,0,0,0,1,1,1,1,1,0,1,1,1,0,0,1,1,0,0,1,0,0,0
"1243",95,0,NA,1,1,1,1,1,1,1,0,0,1,0,1,1,0,0,1,1,1,1,0,1,0,1
"1244",694,1,0,1,0,1,1,1,1,1,0,0,0,0,1,1,1,0,0,0,1,1,0,0,0,0
"1245",420,1,1,1,1,1,0,1,0,0,0,0,1,0,1,0,0,1,0,0,0,0,1,1,1,0
"1246",1118,1,0,0,1,1,0,0,0,0,1,1,1,0,1,0,1,0,1,0,1,1,0,1,1,0
"1247",177,1,1,1,0,0,0,1,0,1,0,NA,1,0,1,1,0,1,0,1,1,0,0,1,1,0
"1248",1213,1,0,1,1,0,1,1,0,0,0,1,0,1,0,1,0,0,0,0,1,0,0,0,1,0
"1249",514,1,0,0,1,0,0,0,0,1,0,1,0,1,0,0,0,1,0,0,0,1,1,1,1,1
"1250",954,1,1,0,0,1,1,0,1,1,0,0,1,1,0,0,0,0,1,0,1,1,1,0,0,0
"1251",569,NA,1,1,1,1,0,0,1,0,0,0,0,1,0,0,0,0,0,1,0,1,0,0,1,0
"1252",436,0,0,0,0,1,0,0,1,1,1,0,1,1,1,0,1,0,0,0,0,1,0,0,0,1
"1253",1109,1,0,1,1,1,0,1,0,0,1,1,1,0,1,1,0,1,0,0,1,0,1,1,1,1
"1254",986,0,0,1,0,1,1,0,1,0,0,0,1,1,0,0,1,0,1,0,1,0,1,0,1,0
"1255",971,0,1,1,0,1,0,1,1,0,1,1,0,0,1,1,0,1,1,0,0,0,0,1,0,0
"1256",186,0,1,1,1,1,1,0,0,1,1,0,1,1,1,1,0,1,0,0,1,0,0,0,0,0
"1257",1282,0,1,0,0,1,0,0,1,0,0,NA,0,1,0,1,1,0,0,1,0,0,1,0,0,0
"1258",699,1,0,0,1,1,0,1,0,0,0,0,0,0,0,1,0,1,1,0,0,0,1,1,1,1
"1259",1133,0,1,1,0,0,1,0,1,1,1,1,1,1,0,1,1,1,0,0,1,0,1,0,1,0
"1260",224,0,1,1,0,1,1,1,0,1,0,0,1,1,0,0,1,0,1,1,1,0,0,0,1,1
"1261",697,0,0,0,1,1,0,1,0,1,1,1,1,1,1,0,1,0,0,1,0,0,0,0,1,0
"1262",790,1,0,0,0,0,0,0,0,1,1,1,1,1,1,1,1,0,0,1,0,1,1,1,0,0
"1263",804,1,0,1,1,1,1,1,0,1,0,0,0,1,1,1,0,1,0,1,0,1,1,0,0,1
"1264",815,0,NA,NA,0,0,0,1,0,1,1,1,0,0,0,0,0,1,1,0,1,0,0,0,0,1
"1265",757,1,1,1,0,1,1,0,1,1,0,1,0,1,1,1,1,0,1,1,0,1,1,1,1,0
"1266",1352,0,0,0,1,0,0,0,1,1,0,1,NA,1,0,0,1,0,1,1,1,1,1,0,0,1
"1267",104,0,0,0,1,1,0,1,0,1,0,1,0,0,1,0,1,0,1,0,1,0,1,1,0,1
"1268",896,1,1,1,1,0,1,0,1,0,0,1,0,0,0,0,1,0,0,0,0,1,1,1,0,0
"1269",720,1,1,0,0,1,0,1,0,1,1,0,0,1,0,0,0,0,0,1,0,0,0,1,1,0
"1270",243,1,0,0,1,0,1,0,0,0,0,1,0,0,1,1,0,0,0,0,0,1,1,0,1,0
"1271",201,1,0,1,0,0,0,1,1,0,0,0,0,0,1,0,0,0,0,0,0,0,1,0,0,1
"1272",607,0,1,0,0,0,0,1,1,1,1,1,0,1,1,0,0,1,1,1,0,1,0,0,1,1
"1273",1014,0,0,0,0,1,1,1,1,0,0,1,1,1,0,1,1,1,1,1,0,0,1,1,0,1
"1274",1273,1,0,0,0,1,1,1,1,0,1,0,1,1,0,0,0,1,1,1,1,1,0,0,1,0
"1275",919,0,NA,1,0,0,0,1,1,0,0,1,1,1,1,1,0,0,0,1,0,1,1,0,0,0
"1276",621,0,1,0,1,1,0,0,0,1,0,0,1,1,1,0,1,0,1,1,1,0,0,0,1,0
"1277",1199,0,1,1,1,0,0,1,1,0,1,1,1,0,1,1,0,0,0,0,1,1,0,0,0,1
"1278",255,1,1,0,1,1,1,0,1,1,0,1,1,0,1,0,0,1,0,0,0,0,1,1,1,0
"1279",80,1,0,1,1,0,1,0,1,1,1,1,1,0,1,0,1,1,0,1,1,NA,0,0,1,0
"1280",170,0,1,0,1,1,1,0,0,1,1,0,1,1,1,1,0,1,0,1,1,1,1,1,0,1
"1281",304,0,1,0,0,1,0,0,0,1,0,1,0,1,1,1,0,1,0,1,0,1,0,0,1,0
"1282",603,0,1,1,1,0,1,0,1,0,0,0,1,0,1,1,1,1,0,0,1,0,1,1,0,0
"1283",553,0,0,1,1,1,0,1,1,0,0,1,0,1,0,1,1,0,1,1,0,1,1,0,1,NA
"1284",1157,1,1,1,0,0,0,0,1,0,0,1,1,1,0,0,1,1,0,1,0,0,1,1,1,1
"1285",962,0,1,1,0,0,0,0,0,1,1,0,0,1,0,0,0,0,0,0,1,0,1,0,1,1
"1286",1285,0,0,0,1,0,1,0,1,0,1,1,1,0,0,1,0,0,1,0,1,1,1,1,1,0
"1287",1004,1,0,1,0,0,1,1,0,1,0,0,NA,1,1,1,0,0,0,1,1,0,0,1,0,0
"1288",1057,0,0,0,1,0,1,0,1,1,0,0,1,1,0,1,1,0,0,0,0,1,0,0,0,0
"1289",579,1,1,0,NA,1,1,1,0,1,0,1,1,1,0,0,1,0,1,1,0,0,0,1,0,0
"1290",226,0,0,0,1,1,1,0,0,0,0,1,1,0,1,1,0,0,1,0,0,0,1,1,0,1
"1291",407,0,1,1,1,0,0,1,0,0,1,0,1,0,1,1,1,0,0,0,0,1,0,NA,0,0
"1292",402,NA,1,1,1,1,1,1,1,1,1,0,1,1,0,0,0,0,0,0,0,0,0,0,0,NA
"1293",438,1,1,0,1,0,1,0,1,1,0,1,0,0,0,0,0,0,1,1,1,1,0,1,0,1
"1294",412,NA,1,1,0,0,1,0,0,1,0,1,0,1,1,1,0,1,1,1,0,1,0,1,0,0
"1295",856,1,1,1,1,1,1,1,0,1,0,1,0,0,1,0,1,1,1,0,1,1,1,1,1,0
"1296",783,1,0,1,1,1,0,0,0,0,0,1,1,0,1,1,1,1,1,1,0,0,1,0,0,0
"1297",1355,0,0,1,1,0,0,0,1,1,0,0,1,1,1,1,1,1,0,1,1,0,1,0,0,0
"1298",281,1,1,NA,1,1,0,0,0,1,1,1,1,0,0,1,1,0,0,0,1,0,1,0,0,0
"1299",140,1,0,1,0,0,0,0,0,1,1,0,1,0,0,0,1,1,1,0,0,0,0,0,0,0
"1300",239,0,1,0,1,1,1,1,0,0,0,0,1,1,0,1,0,0,0,0,0,0,0,1,0,0
"1301",441,0,1,1,1,1,1,0,1,1,1,1,0,1,1,1,1,0,0,1,0,1,0,0,0,1
"1302",756,0,1,0,0,1,0,0,1,1,0,1,1,1,0,1,0,0,0,0,0,0,1,1,1,0
"1303",865,1,0,0,0,0,1,1,0,0,1,1,0,0,1,0,1,1,1,0,0,1,0,0,0,0
"1304",972,0,1,1,0,1,0,1,1,1,1,1,1,0,0,0,0,0,1,1,1,1,0,1,0,0
"1305",947,1,1,0,0,0,0,1,1,0,0,0,1,0,1,1,1,1,0,0,0,1,0,1,1,0
"1306",90,1,1,1,0,0,1,1,1,0,0,1,1,0,1,1,0,1,1,0,1,0,0,0,1,0
"1307",1267,0,0,1,1,0,0,1,0,0,0,1,1,0,0,1,0,0,0,1,1,1,1,1,1,1
"1308",246,1,0,0,1,0,1,1,1,1,1,1,0,1,0,0,0,0,0,1,1,0,0,1,0,0
"1309",884,1,1,0,0,1,0,1,0,1,1,1,1,0,1,0,1,1,0,0,0,1,1,0,1,0
"1310",1175,1,1,1,0,1,1,0,0,0,1,0,1,0,1,1,1,0,1,1,0,1,1,0,0,NA
"1311",1168,0,0,1,0,0,1,0,1,0,0,0,0,0,0,0,0,0,1,1,0,0,1,1,0,1
"1312",1186,1,1,0,0,1,1,0,1,1,0,1,0,0,1,0,1,0,1,1,1,1,0,1,0,1
"1313",849,0,0,0,1,1,0,0,0,1,1,1,0,1,0,1,0,0,1,0,1,1,1,0,0,1
"1314",958,0,0,1,1,0,0,0,1,0,1,0,1,1,1,0,1,1,0,1,1,0,1,0,1,0
"1315",321,0,1,0,0,1,0,1,0,1,0,1,0,1,1,0,0,0,0,0,1,1,0,1,1,0
"1316",803,0,0,1,0,1,1,0,0,0,1,0,1,0,1,1,1,0,0,0,1,1,0,0,0,1
"1317",609,NA,0,0,1,1,0,1,0,0,0,0,1,1,0,0,0,1,0,0,0,1,0,1,0,1
"1318",911,1,1,1,0,0,0,0,0,0,0,1,1,0,1,1,1,0,1,1,1,0,1,0,0,0
"1319",1347,1,1,0,1,0,1,1,1,0,0,0,0,1,0,1,0,1,0,1,1,0,0,0,1,NA
"1320",706,0,1,1,0,0,0,1,1,0,0,0,1,0,1,1,1,1,1,0,1,0,1,0,0,0
"1321",1340,1,1,1,1,1,0,0,1,1,0,1,0,1,0,0,0,1,0,1,0,0,0,0,0,NA
"1322",492,0,1,1,0,1,0,0,0,0,0,1,1,0,0,1,0,0,1,0,1,1,1,0,1,1
"1323",133,0,0,0,1,1,0,1,1,1,0,0,1,1,0,0,1,1,0,1,1,1,1,0,1,1
"1324",176,1,0,0,0,1,0,1,1,1,0,0,0,0,0,0,0,1,1,1,0,0,1,0,0,0
"1325",1018,1,0,0,1,1,1,0,0,0,0,1,0,1,1,0,1,0,0,1,0,0,1,1,1,0
"1326",1249,0,1,0,1,0,0,0,0,0,1,0,1,0,0,0,0,1,0,0,1,1,0,0,1,1
"1327",728,1,0,0,1,0,1,0,1,0,0,0,0,1,0,1,0,0,1,1,1,0,0,1,1,1
"1328",1056,1,0,0,1,1,1,0,1,0,0,0,1,1,0,0,1,1,1,0,1,0,0,1,1,0
"1329",21,1,1,1,0,0,0,0,0,1,1,1,1,1,0,0,1,0,1,1,1,1,0,0,1,1
"1330",897,1,1,0,1,1,0,0,0,1,1,1,0,1,0,0,0,0,1,0,1,0,1,0,0,1
"1331",236,0,1,0,1,1,0,0,0,0,0,0,0,1,0,1,1,1,1,0,0,0,1,1,1,0
"1332",282,0,1,1,0,0,1,0,1,1,0,0,1,0,1,1,1,0,0,0,1,1,0,1,0,1
"1333",526,1,1,1,0,1,1,1,0,0,1,1,1,1,1,1,1,1,0,0,0,1,0,0,0,1
"1334",1165,1,1,0,0,1,0,1,0,0,1,0,0,0,0,1,1,1,0,0,0,1,0,1,1,1
"1335",1279,0,NA,0,1,0,1,1,1,1,1,1,0,0,0,1,1,0,0,0,1,0,1,0,1,1
"1336",799,0,1,1,0,0,1,1,1,1,0,0,0,1,1,0,0,1,1,0,1,1,0,0,0,0
"1337",1064,1,1,0,0,1,1,0,1,0,0,1,1,1,1,0,0,1,0,1,0,1,1,NA,1,1
"1338",1121,0,0,0,1,1,1,1,1,1,1,0,0,0,1,0,1,1,0,0,0,1,1,NA,1,1
"1339",1334,1,0,0,1,0,0,1,1,0,1,0,1,1,1,0,0,1,0,0,0,1,0,0,0,1
"1340",204,0,1,0,0,1,0,1,1,1,0,0,1,0,1,1,1,0,1,1,0,0,1,0,1,0
"1341",1234,0,1,1,0,0,1,0,1,0,0,1,0,1,0,1,1,0,1,0,0,1,0,0,0,0
"1342",349,0,0,0,1,1,0,0,1,0,1,0,1,0,0,1,1,1,1,1,1,0,1,0,1,1
"1343",632,1,0,1,0,1,0,0,0,1,0,1,0,0,0,1,1,0,1,1,1,0,0,0,0,1
"1344",605,1,0,0,0,0,1,1,1,1,1,1,0,1,0,1,0,0,0,1,1,1,1,1,1,1
"1345",1083,0,0,1,0,0,0,0,1,1,1,1,0,0,1,0,1,0,0,0,1,1,0,1,0,0
"1346",838,0,1,0,1,1,1,1,1,0,0,1,1,0,1,1,1,1,0,0,0,0,0,0,0,0
"1347",802,0,1,0,1,1,0,0,0,1,1,0,0,1,1,1,0,1,0,1,1,0,1,0,0,0
"1348",77,1,0,0,0,1,0,1,1,1,0,1,1,1,1,0,0,0,0,0,1,1,0,0,0,1
"1349",394,0,1,0,0,1,1,1,1,1,0,0,0,1,0,0,1,0,1,0,0,1,1,0,1,0
"1350",7,0,0,1,0,0,1,0,1,0,1,0,1,1,0,1,1,0,1,1,1,0,0,0,0,0
"1351",1364,0,0,0,0,1,1,0,1,0,1,1,0,1,1,0,1,1,0,1,1,1,0,0,0,1
"1352",651,1,0,1,1,0,1,0,0,1,0,1,0,0,1,0,1,0,1,1,1,0,0,1,0,0
"1353",1031,0,0,1,1,0,0,0,1,0,1,0,0,1,0,0,1,0,1,0,0,0,0,1,1,1
"1354",1251,0,0,0,0,1,0,0,1,1,1,1,0,0,0,1,1,0,1,1,0,0,1,NA,0,0
"1355",292,0,0,0,1,1,0,1,1,1,0,0,0,0,0,1,1,0,1,1,0,0,0,0,1,1
"1356",241,0,1,1,0,1,0,0,0,0,0,0,1,0,1,1,0,1,1,1,1,1,0,0,1,0
"1357",477,1,NA,0,1,1,1,1,1,0,0,0,1,0,1,1,0,1,1,0,0,1,0,0,1,0
"1358",1124,1,1,1,0,1,1,1,1,1,1,1,1,1,1,1,0,1,1,0,0,0,1,1,0,1
"1359",525,0,1,0,1,1,0,1,0,0,1,1,0,0,0,0,1,1,1,1,0,0,0,0,1,0
"1360",602,0,0,0,0,1,0,0,1,0,1,0,1,1,0,1,1,1,1,1,1,0,1,1,0,0
"1361",907,1,0,1,0,0,1,0,1,0,0,0,0,0,0,1,1,1,0,0,1,1,0,1,1,0
"1362",1277,0,1,0,0,0,0,0,1,0,0,1,1,1,1,0,0,1,0,1,1,0,0,1,1,0
"1363",31,0,1,0,1,1,1,0,0,0,0,1,1,1,1,1,0,1,1,0,1,0,0,0,1,0
"1364",779,1,1,1,1,0,0,1,0,0,0,0,1,0,1,1,0,0,0,1,1,0,1,0,0,0
"1365",1221,1,1,0,1,0,1,0,1,0,0,0,1,0,1,1,1,0,1,0,1,1,0,1,0,1
"1366",1232,1,0,1,0,0,0,1,1,1,1,0,1,1,0,0,0,1,0,0,1,0,0,1,0,1
"1367",1198,1,0,0,1,1,0,1,1,0,0,0,0,1,1,1,1,1,1,1,0,0,1,1,0,0
"1368",278,1,0,1,0,0,1,0,0,1,1,0,0,1,1,0,1,0,1,1,0,0,1,1,0,1
"1369",524,0,0,1,0,0,1,0,0,0,1,1,1,1,1,1,1,0,1,0,1,1,1,0,0,1
"1370",343,0,1,0,0,0,1,1,0,1,1,1,0,0,0,0,1,1,0,0,1,1,0,1,0,0
"1371",363,0,1,0,1,1,0,0,0,1,1,1,1,1,0,0,1,1,1,0,0,0,1,1,0,1
"1372",429,0,0,0,0,1,1,1,0,1,0,0,1,0,0,0,1,0,0,0,0,0,0,1,0,1
"1373",851,1,0,0,1,0,0,1,0,1,1,0,1,1,1,1,1,0,1,0,1,0,1,1,1,0
"1374",941,0,1,1,0,0,0,1,1,0,0,1,1,0,0,0,0,1,0,1,1,0,1,0,0,1
"1375",855,1,1,1,1,1,0,0,1,0,0,1,0,1,1,1,1,0,1,0,1,0,0,1,1,0
"1376",5,0,1,1,1,0,0,0,0,1,0,1,1,1,0,0,0,1,0,0,1,0,1,0,1,0
"1377",875,1,0,0,0,1,1,1,1,0,0,1,1,0,0,1,0,0,1,1,0,1,0,1,1,1
"1378",47,1,0,1,1,1,1,0,0,0,1,0,0,0,1,0,1,1,0,0,0,0,0,1,0,0
"1379",945,0,1,1,1,0,1,1,0,1,1,0,1,0,1,0,1,1,0,1,1,1,0,0,0,0
"1380",1360,0,0,NA,1,1,0,1,0,0,1,1,0,0,0,0,0,0,1,0,0,1,1,1,1,1
"1381",1141,1,0,0,1,1,1,0,1,1,0,1,1,1,0,1,1,1,0,0,1,0,1,0,1,0
"1382",1053,0,1,1,1,0,1,1,1,0,0,1,1,0,1,0,1,0,1,1,0,1,1,0,0,1
"1383",881,0,0,0,0,1,0,1,1,1,1,0,1,0,1,1,1,1,1,1,0,0,1,0,0,1
"1384",1046,0,1,0,1,0,1,0,0,0,1,0,1,0,0,0,1,1,0,1,1,1,1,1,0,1
"1385",1238,1,1,1,1,1,0,1,1,1,0,0,0,1,0,0,0,0,0,1,1,0,0,0,1,1
"1386",130,1,0,1,0,0,0,1,1,0,0,1,1,0,0,0,1,0,1,0,1,0,1,0,1,1
"1387",427,0,1,0,0,0,0,0,1,0,1,0,1,0,1,1,1,1,1,0,1,0,0,0,1,1
"1388",36,0,0,1,1,1,1,0,0,0,1,1,1,1,0,1,0,1,1,0,0,NA,0,1,1,1
"1389",556,0,1,0,1,1,0,0,1,0,1,1,0,0,0,0,1,1,0,1,1,1,1,1,0,0
"1390",2,0,0,0,0,0,0,0,0,0,0,0,0,1,1,1,0,0,0,1,1,0,1,1,0,0
"1391",1091,1,0,0,1,0,1,1,0,0,0,0,1,1,1,0,0,1,0,0,1,0,0,1,0,1
"1392",1245,0,0,1,1,1,0,1,0,0,1,1,0,1,1,1,0,0,1,1,1,1,0,0,0,1
"1393",824,1,1,NA,1,0,0,0,1,0,1,0,1,1,1,1,0,0,1,1,1,0,0,0,1,1
"1394",1378,0,1,1,0,0,1,1,1,0,1,0,1,1,0,0,0,1,1,1,1,0,0,1,1,0
"1395",1335,0,1,1,1,1,1,0,1,0,0,0,1,0,1,0,1,0,1,1,1,0,1,1,1,0
"1396",571,1,0,1,0,0,1,1,1,0,1,0,0,1,1,0,1,1,1,0,1,0,1,0,0,1
"1397",254,1,1,0,0,1,1,0,1,1,1,1,1,1,0,0,1,0,1,0,0,0,0,1,0,0
"1398",684,1,1,1,0,1,1,0,0,0,1,1,0,0,0,1,0,0,1,1,0,NA,0,0,0,0
"1399",491,0,1,1,1,1,0,0,0,1,0,0,1,1,0,0,1,0,1,1,0,1,0,1,1,0
